-0.81141,0.17994
-0.81141,-0.44926
-0.81141,-1.5453
-0.81141,-1.8686
-0.81141,-1.8586
-0.81141,-1.7396
-0.81141,-1.5913
-0.81141,-1.506
-0.81141,-1.4509
-0.81141,-1.3641
-0.81141,-1.1768
-0.81141,-1.0423
-0.81141,-0.87189
-0.81141,-0.46476
-0.81141,-0.67219
-0.81141,-0.38858
-0.81141,-0.31716
-0.81141,-1.3179
-0.81141,-1.7357
-0.81141,-1.8006
-0.81141,-1.7313
-0.81141,-1.6432
-0.81141,-1.524
-0.81141,-1.3939
-0.81141,-1.2957
-0.81141,-1.1234
-0.81141,-0.6912
-0.81141,-0.44131
-0.81141,-0.15431
-0.81141,-0.1228
-0.81141,-0.52568
-0.81141,-0.67501
-0.81141,-1.1171
-0.81141,-1.3348
-0.81141,-1.477
-0.81141,-1.3465
-0.81141,-1.196
-0.81141,-0.86708
-0.81141,-0.6446
-0.81141,-0.36663
-0.81141,-1.0533
-0.81141,-1.4692
-0.81141,-1.6048
-0.81141,-1.568
-0.81141,-1.4904
-0.81141,-1.3799
-0.81141,-1.2882
-0.81141,-1.1861
-0.81141,-1.0442
-0.81141,-0.76085
-0.81141,-0.33322
-0.81141,-0.052432
-0.81141,-0.61537
-0.81141,-1.1691
-0.81141,-1.5327
-0.81141,-1.6427
-0.81141,-1.6711
-0.81141,-1.6175
-0.81141,-1.5601
-0.81141,-1.5066
-0.81141,-1.4838
-0.81141,-1.2912
-0.81141,-1.1709
-0.81141,-1.1624
-0.81141,-0.95573
-0.81141,-0.76288
-0.81141,-0.38466
-0.81141,-0.3403
-0.81141,-0.73523
-0.81141,-1.1776
-0.81141,-1.4396
-0.81141,-1.5332
-0.81141,-1.5541
-0.81141,-1.5629
-0.81141,-1.4358
-0.81141,-1.2329
-0.81141,-1.1719
-0.81141,-0.93118
-0.81141,-0.64254
-0.81141,-0.20827
-0.81141,-0.057134
-0.81141,-0.72747
-0.81141,-0.93146
-0.81141,-1.0588
-0.81141,-1.093
-0.81141,-1.1811
-0.81141,-1.0321
-0.81141,-0.59075
-0.81141,0.22531
-0.81141,-0.1651
-0.81141,-0.63861
-0.81141,-0.77418
-0.81141,-0.67645
-0.81141,-0.87053
-0.81141,-1.2819
-0.81141,-1.4274
-0.81141,-1.4015
-0.81141,-1.265
-0.81141,-1.1287
-0.81141,-0.78849
-0.81141,-0.14342
-0.81141,0.44035
-0.81141,-0.70514
-0.81141,-1.5982
-0.81141,-1.9103
-0.81141,-1.9173
-0.81141,-1.7887
-0.81141,-1.6621
1.8709,-1.5874
1.8709,0.93261
1.8709,4.2655
1.8709,5.7278
1.8709,5.8977
1.8709,5.595
1.8709,5.3019
1.8709,5.1582
1.8709,5.1311
1.8709,5.1526
1.8709,5.1779
1.8709,5.1917
1.8709,5.1952
1.8709,5.1938
1.8709,5.1916
1.8709,5.1904
1.8709,5.19
1.8709,5.19
1.8709,5.1902
1.8709,5.1903
1.8709,5.1904
1.8709,5.1904
1.8709,5.1904
1.8709,5.1903
1.8709,5.1903
1.8709,5.1903
1.8709,5.1903
1.8709,5.1903
1.8709,5.1903
1.8709,5.1903
1.8709,5.1903
1.8709,5.1903
1.8709,5.1903
1.8709,5.1903
1.8709,5.1903
1.8709,5.1903
1.8709,5.1903
1.8709,5.1903
1.8709,5.1903
1.8709,5.1903
1.8709,5.1903
1.8709,5.1903
1.8709,5.1903
1.8709,5.1903
1.8709,5.1903
1.8709,5.1903
1.8709,5.1903
1.8709,5.1903
-1.8338,5.1903
-1.8338,0.79245
-1.8338,-5.1101
-1.8338,-6.1901
-1.8338,-5.2833
-1.8338,-4.2339
-1.8338,-3.6664
-1.8338,-3.5272
-1.8338,-3.5861
-1.8338,-3.675
-1.8338,-3.7284
-1.8338,-3.7445
-1.8338,-3.7414
-1.8338,-3.734
-1.8338,-3.7291
-1.8338,-3.7273
-1.8338,-3.7274
-1.8338,-3.728
-1.8338,-3.7285
-1.8338,-3.7286
-1.8338,-3.7287
-1.8338,-3.7286
-1.8338,-3.7286
-1.8338,-3.7286
-1.8338,-3.7286
-1.8338,-3.7286
-1.8338,-3.7286
-1.8338,-3.7286
-1.8338,-3.7286
-1.8338,-3.7286
-1.8338,-3.7286
-1.8338,-3.7286
-1.8338,-3.7286
-1.8338,-3.7286
-1.8338,-3.7286
-1.8338,-3.7286
-1.8338,-3.7286
-1.8338,-3.7286
-1.8338,-3.7286
-1.8338,-3.7286
-1.8338,-3.7286
-1.8338,-3.7286
-1.8338,-3.7286
-1.8338,-3.7286
-1.8338,-3.7286
-1.8338,-3.7286
-1.8338,-3.7286
-1.8338,-3.7286
0.82054,-3.7286
0.82054,-1.561
0.82054,1.3337
0.82054,2.6804
0.82054,2.794
0.82054,2.4812
0.82054,2.1907
0.82054,2.0387
0.82054,1.9823
0.82054,1.9829
0.82054,1.9967
0.82054,2.0012
-1.7873,1.9884
-1.7873,-0.85748
-1.7873,-3.9846
-1.7873,-4.7558
-1.7873,-4.4345
-1.7873,-3.9462
-1.7873,-3.6519
-1.7873,-3.563
-1.7873,-3.5801
-1.7873,-3.6205
-1.7873,-3.6477
-1.7873,-3.6573
-1.7873,-3.6568
-1.7873,-3.6536
-1.7873,-3.6511
-1.7873,-3.6501
-1.7873,-3.6501
-1.7873,-3.6503
-1.7873,-3.6505
-1.7873,-3.6506
-1.7873,-3.6507
-1.7873,-3.6506
-1.7873,-3.6506
-1.7873,-3.6506
-1.7873,-3.6506
-1.7873,-3.6506
-1.7873,-3.6506
-1.7873,-3.6506
-1.7873,-3.6506
-1.7873,-3.6506
-1.7873,-3.6506
-1.7873,-3.6506
-1.7873,-3.6506
-1.7873,-3.6506
-1.7873,-3.6506
-1.7873,-3.6506
0.11578,-3.6506
0.11578,-2.0877
0.11578,-0.38833
0.11578,1.6269
0.11578,1.4744
0.11578,0.65224
0.11578,-0.95849
0.11578,-0.5758
0.11578,1.0638
0.11578,1.146
0.11578,0.43774
0.11578,-1.0607
0.11578,-0.96893
0.11578,0.53834
0.11578,1.5919
0.11578,1.2267
0.11578,0.37594
0.11578,-1.1122
0.11578,-0.77631
0.11578,0.54323
0.11578,1.4054
0.11578,0.9439
0.11578,-0.18335
0.11578,-1.0975
0.11578,-0.41942
0.11578,1.5043
0.11578,1.425
0.11578,0.51178
0.11578,-1.4937
0.11578,-1.2029
0.11578,0.072536
0.11578,1.8465
0.11578,1.5681
0.11578,0.71834
0.11578,-1.2026
0.11578,-1.0071
0.11578,0.012498
0.11578,2.2871
0.11578,1.9571
0.11578,0.94354
0.11578,-0.70693
0.11578,-1.4412
0.11578,-0.63088
0.11578,1.2833
0.11578,1.4045
0.11578,0.70154
0.11578,-1.3165
0.11578,-0.9763
-0.70574,0.060069
-0.70574,0.30089
-0.70574,-0.5069
-0.70574,-1.2498
-0.70574,-1.3293
-0.70574,-1.3162
-0.70574,-1.1729
-0.70574,-0.91133
-0.70574,-0.64333
-0.70574,-0.63983
-0.70574,-0.58038
-0.70574,-1.0046
1.6263,-1.2154
1.6263,1.0268
1.6263,3.3216
1.6263,4.5653
1.6263,4.8718
1.6263,4.744
1.6263,4.5497
1.6263,4.4327
1.6263,4.3973
1.6263,4.4041
1.6263,4.4202
1.6263,4.431
-0.019723,4.4349
-0.019723,2.5209
-0.019723,0.65536
-0.019723,-1.7917
-0.019723,-1.6368
-0.019723,-0.5566
-0.019723,1.7262
-0.019723,1.5201
-0.019723,0.40801
-0.019723,-0.98679
-0.019723,-0.86446
-0.019723,0.44494
-0.019723,1.1755
-0.019723,0.52658
-0.019723,-0.75578
-0.019723,-1.1518
-0.019723,-0.31045
-0.019723,1.098
-0.019723,0.63903
-0.019723,-0.79639
-0.019723,-0.81682
-0.019723,0.091557
-0.019723,0.023494
-0.019723,0.31251
0.27778,-0.55775
0.27778,-0.71526
0.27778,0.32143
0.27778,0.45728
0.27778,0.012647
0.27778,-0.12574
0.27778,0.15314
0.27778,0.98448
0.27778,0.89701
0.27778,-0.035368
0.27778,-0.50125
0.27778,-0.079589
0.27778,1.5525
0.27778,1.5616
0.27778,1.0078
0.27778,-0.090213
0.27778,-1.269
0.27778,-0.398
0.27778,1.09
0.27778,1.5513
0.27778,1.0953
0.27778,0.11682
0.27778,-0.93258
0.27778,-0.12078
-0.40553,1.2397
-0.40553,0.49636
-0.40553,-1.8373
-0.40553,-2.0916
-0.40553,-1.5672
-0.40553,-0.8218
-0.40553,0.23824
-0.40553,1.1902
-0.40553,-0.047927
-0.40553,-1.5002
-0.40553,-1.4521
-0.40553,-0.89149
-0.40553,-0.1124
-0.40553,0.34939
-0.40553,0.20704
-0.40553,-0.90956
-0.40553,-1.1575
-0.40553,-0.8067
-0.40553,-0.136
-0.40553,0.98989
-0.40553,0.34299
-0.40553,-1.1581
-0.40553,-1.5875
-0.40553,-1.268
0.39744,-0.61108
0.39744,0.6077
0.39744,1.6226
0.39744,1.5206
0.39744,1.027
0.39744,0.24987
0.39744,-0.32825
0.39744,-0.20212
0.39744,1.1208
0.39744,1.3387
0.39744,1.0316
0.39744,0.1927
-1.2076,-0.61104
-1.2076,-1.6356
-1.2076,-2.3218
-1.2076,-2.66
-1.2076,-2.732
-1.2076,-2.6888
-1.2076,-2.6326
-1.2076,-2.5986
-1.2076,-2.5882
-1.2076,-2.5895
-1.2076,-2.5941
-1.2076,-2.597
-1.2076,-2.5977
-1.2076,-2.5982
-1.2076,-2.5991
-1.2076,-2.5989
-1.2076,-2.5976
-1.2076,-2.5973
-1.2076,-2.5972
-1.2076,-2.5969
-1.2076,-2.5973
-1.2076,-2.5982
-1.2076,-2.5983
-1.2076,-2.599
0.54438,-2.5988
0.54438,-1.0572
0.54438,1.6236
0.54438,2.3067
0.54438,2.0265
0.54438,1.5648
0.54438,1.1038
0.54438,0.40048
0.54438,-0.11926
0.54438,0.68526
0.54438,1.3163
0.54438,1.4201
-0.39763,1.1792
-0.39763,-0.33987
-0.39763,-2.0389
-0.39763,-1.9814
-0.39763,-1.3602
-0.39763,-0.56874
-0.39763,0.92395
-0.39763,0.67595
-0.39763,-0.037769
-0.39763,-0.97901
-0.39763,-0.76855
-0.39763,0.080234
-0.39763,0.069819
-0.39763,-0.29723
-0.39763,-0.70041
-0.39763,-0.71694
-0.39763,-0.2008
-0.39763,0.25285
-0.39763,-0.3597
-0.39763,-0.30563
-0.39763,-0.3649
-0.39763,-0.53947
-0.39763,-0.47761
-0.39763,-0.26798
-0.39763,0.17591
-0.39763,0.23135
-0.39763,-0.38431
-0.39763,-1.0769
-0.39763,-0.92829
-0.39763,-0.41354
-0.39763,0.36696
-0.39763,-0.49175
-0.39763,-0.47687
-0.39763,-1.1889
-0.39763,-0.75314
-0.39763,0.084945
-0.39763,0.75393
-0.39763,0.085463
-0.39763,-0.72554
-0.39763,-1.3362
-0.39763,-1.1943
-0.39763,-0.63052
-0.39763,0.71289
-0.39763,0.65143
-0.39763,-0.44947
-0.39763,-0.94214
-0.39763,-0.22314
-0.39763,0.52501
0.030548,0.36621
0.030548,-0.68807
0.030548,-0.95076
0.030548,-0.28713
0.030548,0.60397
0.030548,0.52104
0.030548,-0.93116
0.030548,-0.90897
0.030548,0.10016
0.030548,1.2267
0.030548,0.84582
0.030548,-0.82397
-1.4936,-1.0558
-1.4936,-1.8613
-1.4936,-2.6839
-1.4936,-3.1552
-1.4936,-3.288
-1.4936,-3.2529
-1.4936,-3.185
-1.4936,-3.1412
-1.4936,-3.1264
-1.4936,-3.1277
-1.4936,-3.1332
-1.4936,-3.1372
0.89019,-3.1388
0.89019,-1.1111
0.89019,2.1219
0.89019,3.177
0.89019,3.0523
0.89019,2.6359
0.89019,2.3374
0.89019,2.2102
0.89019,2.186
0.89019,2.209
0.89019,2.2325
0.89019,2.2533
0.89019,2.2581
0.89019,2.2563
0.89019,2.2578
0.89019,2.2587
0.89019,2.2566
0.89019,2.2525
0.89019,2.2504
0.89019,2.2511
0.89019,2.2507
0.89019,2.2474
0.89019,2.2582
0.89019,2.2687
0.89019,2.2683
0.89019,2.262
0.89019,2.2561
0.89019,2.2523
0.89019,2.2536
0.89019,2.256
0.89019,2.2607
0.89019,2.2598
0.89019,2.2542
0.89019,2.2542
0.89019,2.2559
0.89019,2.2521
0.89019,2.2552
0.89019,2.2556
0.89019,2.2558
0.89019,2.2535
0.89019,2.2601
0.89019,2.2573
0.89019,2.2557
0.89019,2.2537
0.89019,2.2527
0.89019,2.2522
0.89019,2.2577
0.89019,2.2567
-1.8636,2.255
-1.8636,-0.74489
-1.8636,-3.7321
-1.8636,-4.6512
-1.8636,-4.4904
-1.8636,-4.086
-1.8636,-3.8107
-1.8636,-3.7118
-1.8636,-3.7153
-1.8636,-3.7477
-1.8636,-3.7726
-1.8636,-3.7828
-1.8636,-3.7835
-1.8636,-3.781
-1.8636,-3.7788
-1.8636,-3.7778
-1.8636,-3.7776
-1.8636,-3.7778
-1.8636,-3.778
-1.8636,-3.7781
-1.8636,-3.7781
-1.8636,-3.7781
-1.8636,-3.7781
-1.8636,-3.7781
-1.8636,-3.7781
-1.8636,-3.7781
-1.8636,-3.7781
-1.8636,-3.7781
-1.8636,-3.7781
-1.8636,-3.7781
-1.8636,-3.7781
-1.8636,-3.7781
-1.8636,-3.7781
-1.8636,-3.7781
-1.8636,-3.7781
-1.8636,-3.7781
0.93199,-3.7781
0.93199,-1.5035
0.93199,1.5681
0.93199,2.9689
0.93199,3.1095
0.93199,2.8019
0.93199,2.5121
0.93199,2.3672
0.93199,2.3325
0.93199,2.3494
0.93199,2.3724
0.93199,2.3852
0.93199,2.3921
0.93199,2.3898
0.93199,2.3878
0.93199,2.3885
0.93199,2.3901
0.93199,2.3913
0.93199,2.3887
0.93199,2.3881
0.93199,2.387
0.93199,2.3893
0.93199,2.3901
0.93199,2.3897
-0.8373,2.3883
-0.8373,0.45331
-0.8373,-3.2396
-0.8373,-3.6623
-0.8373,-2.8926
-0.8373,-2.149
-0.8373,-1.7568
-0.8373,-1.5638
-0.8373,-1.3183
-0.8373,-1.137
-0.8373,-1.0273
-0.8373,-0.86663
-0.8373,-0.79322
-0.8373,-0.80658
-0.8373,-0.64652
-0.8373,-1.007
-0.8373,-0.6836
-0.8373,-0.40046
-0.8373,-0.62712
-0.8373,-0.66361
-0.8373,-0.81362
-0.8373,-0.92313
-0.8373,-0.9829
-0.8373,-0.93899
1.6924,-0.8978
1.6924,1.6115
1.6924,3.8212
1.6924,4.8909
1.6924,5.0837
1.6924,4.9171
1.6924,4.7259
1.6924,4.623
1.6924,4.598
1.6924,4.6089
1.6924,4.6251
1.6924,4.6348
1.6924,4.6377
1.6924,4.6371
1.6924,4.6357
1.6924,4.6348
1.6924,4.6345
1.6924,4.6345
1.6924,4.6346
1.6924,4.6347
1.6924,4.6348
1.6924,4.6348
1.6924,4.6347
1.6924,4.6347
1.6924,4.6347
1.6924,4.6347
1.6924,4.6347
1.6924,4.6347
1.6924,4.6347
1.6924,4.6347
1.6924,4.6347
1.6924,4.6347
1.6924,4.6347
1.6924,4.6347
1.6924,4.6347
1.6924,4.6347
1.6924,4.6347
1.6924,4.6347
1.6924,4.6347
1.6924,4.6347
1.6924,4.6347
1.6924,4.6347
1.6924,4.6347
1.6924,4.6347
1.6924,4.6347
1.6924,4.6347
1.6924,4.6347
1.6924,4.6347
-1.0503,4.6347
-1.0503,1.4278
-1.0503,-1.9829
-1.0503,-3.1779
-1.0503,-3.0973
-1.0503,-2.6742
-1.0503,-2.3571
-1.0503,-2.2237
-1.0503,-2.1961
-1.0503,-2.2222
-1.0503,-2.2462
-1.0503,-2.2629
0.40529,-2.2628
0.40529,-0.95744
0.40529,1.4352
0.40529,2.0079
0.40529,1.6575
0.40529,1.0345
0.40529,0.10006
0.40529,-0.14364
0.40529,0.97293
0.40529,1.2507
0.40529,0.92605
0.40529,0.18838
0.40529,-0.51479
0.40529,0.46039
0.40529,1.0039
0.40529,0.7776
0.40529,-0.27304
0.40529,0.1509
0.40529,1.2415
0.40529,1.3743
0.40529,0.97317
0.40529,0.17424
0.40529,-0.75573
0.40529,0.1045
-1.3443,1.1257
-1.3443,-0.83072
-1.3443,-2.5989
-1.3443,-3.2598
-1.3443,-3.2605
-1.3443,-3.0627
-1.3443,-2.904
-1.3443,-2.8359
-1.3443,-2.8288
-1.3443,-2.8434
-1.3443,-2.857
-1.3443,-2.8637
1.6762,-2.8652
1.6762,-0.24999
1.6762,4.7554
1.6762,6.1717
1.6762,5.8033
1.6762,5.0835
1.6762,4.6183
1.6762,4.4621
1.6762,4.4766
1.6762,4.5351
1.6762,4.5776
1.6762,4.594
1.6762,4.5944
1.6762,4.5898
1.6762,4.586
1.6762,4.5843
1.6762,4.5841
1.6762,4.5845
1.6762,4.5848
1.6762,4.585
1.6762,4.585
1.6762,4.585
1.6762,4.5849
1.6762,4.5849
1.6762,4.5849
1.6762,4.5849
1.6762,4.5849
1.6762,4.5849
1.6762,4.5849
1.6762,4.5849
1.6762,4.5849
1.6762,4.5849
1.6762,4.5849
1.6762,4.5849
1.6762,4.5849
1.6762,4.5849
-0.039279,4.5849
-0.039279,2.5818
-0.039279,0.63677
-0.039279,-2.4012
-0.039279,-2.1572
-0.039279,-1.0229
-0.039279,0.47046
-0.039279,0.90184
-0.039279,-0.056435
-0.039279,-0.86769
-0.039279,-0.88833
-0.039279,-0.3786
1.3626,1.028
1.3626,2.0424
1.3626,3.1126
1.3626,3.6978
1.3626,3.8452
1.3626,3.7875
1.3626,3.6972
1.3626,3.6422
1.3626,3.6253
1.3626,3.6283
1.3626,3.6358
1.3626,3.6408
-0.75896,3.6426
-0.75896,1.232
-0.75896,-1.7332
-0.75896,-2.6444
-0.75896,-2.4456
-0.75896,-2.0088
-0.75896,-1.6593
-0.75896,-1.4009
-0.75896,-1.2215
-0.75896,-0.98803
-0.75896,-0.78579
-0.75896,-0.090856
1.6636,0.33188
1.6636,1.3991
1.6636,3.1854
1.6636,4.4016
1.6636,4.8387
1.6636,4.8235
1.6636,4.6803
1.6636,4.5702
1.6636,4.5252
1.6636,4.5221
1.6636,4.5332
1.6636,4.543
-1.0056,4.5475
-1.0056,1.4349
-1.0056,-1.927
-1.0056,-3.091
-1.0056,-3
-1.0056,-2.578
-1.0056,-2.2626
-1.0056,-2.1184
-1.0056,-2.0771
-1.0056,-2.0979
-1.0056,-2.1211
-1.0056,-2.1402
-1.0056,-2.1529
-1.0056,-2.161
-1.0056,-2.169
-1.0056,-2.1606
-1.0056,-2.1513
-1.0056,-2.1544
-1.0056,-2.1476
-1.0056,-2.1463
-1.0056,-2.1504
-1.0056,-2.1538
-1.0056,-2.1538
-1.0056,-2.151
-1.0056,-2.1513
-1.0056,-2.1481
-1.0056,-2.1458
-1.0056,-2.1542
-1.0056,-2.1649
-1.0056,-2.1591
-1.0056,-2.1519
-1.0056,-2.1498
-1.0056,-2.1411
-1.0056,-2.1492
-1.0056,-2.1499
-1.0056,-2.1554
1.4189,-2.1569
1.4189,0.029007
1.4189,3.9951
1.4189,5.0915
1.4189,4.7787
1.4189,4.1996
1.4189,3.8301
1.4189,3.7083
1.4189,3.7217
1.4189,3.7689
1.4189,3.8027
1.4189,3.8156
-0.85778,3.8157
-0.85778,1.2122
-0.85778,-1.9583
-0.85778,-2.8835
-0.85778,-2.6743
-0.85778,-2.2268
-0.85778,-1.9054
-0.85778,-1.7291
-0.85778,-1.6198
-0.85778,-1.6334
-0.85778,-1.674
-0.85778,-1.7289
0.60923,-1.7231
0.60923,-0.37612
0.60923,2.7412
0.60923,3.0732
0.60923,2.4041
0.60923,1.7582
0.60923,1.3038
0.60923,0.79332
0.60923,0.4168
0.60923,-0.039067
0.60923,0.39722
0.60923,0.74098
-0.37931,0.83196
-0.37931,-0.93896
-0.37931,-1.7787
-0.37931,-1.4688
-0.37931,-0.87321
-0.37931,0.13142
-0.37931,0.99197
-0.37931,0.24352
-0.37931,-1.7282
-0.37931,-1.8829
-0.37931,-1.3794
-0.37931,-0.54768
-0.37931,0.78134
-0.37931,0.086057
-0.37931,-2.5945
-0.37931,-2.541
-0.37931,-1.6894
-0.37931,-0.887
-0.37931,0.25349
-0.37931,1.484
-0.37931,0.54511
-0.37931,-1.0981
-0.37931,-1.543
-0.37931,-1.1452
-0.37931,-0.40387
-0.37931,0.42696
-0.37931,0.11456
-0.37931,-1.1504
-0.37931,-1.3455
-0.37931,-0.86489
-0.37931,0.066962
-0.37931,1.1812
-0.37931,0.17642
-0.37931,-2.1738
-0.37931,-2.2274
-0.37931,-1.5539
-0.37931,-0.75762
-0.37931,0.31956
-0.37931,0.16037
-0.37931,-0.089168
-0.37931,-0.42245
-0.37931,0.024238
-0.37931,0.14232
-0.37931,-0.61748
-0.37931,-0.78095
-0.37931,-0.01851
-0.37931,1.1382
-0.37931,0.28229
0.38686,-1.6074
0.38686,-1.0876
0.38686,0.59095
0.38686,1.3653
0.38686,1.1515
0.38686,0.50112
0.38686,-0.13751
0.38686,-1.023
0.38686,-0.090462
0.38686,1.58
0.38686,1.7413
0.38686,1.2652
0.38686,0.45053
0.38686,-0.52574
0.38686,0.17227
0.38686,1.49
0.38686,1.6184
0.38686,1.1568
0.38686,0.27451
0.38686,0.35958
0.38686,0.067886
0.38686,-0.21836
0.38686,0.17606
0.38686,1.219
-1.3644,1.2156
-1.3644,-1.037
-1.3644,-3.0467
-1.3644,-3.5772
-1.3644,-3.3989
-1.3644,-3.0971
-1.3644,-2.9089
-1.3644,-2.8486
-1.3644,-2.8562
-1.3644,-2.8806
-1.3644,-2.8976
-1.3644,-2.9041
0.60553,-2.9043
0.60553,-1.2015
0.60553,1.4497
0.60553,2.3015
0.60553,2.1633
0.60553,1.7742
0.60553,1.4188
0.60553,1.1736
0.60553,0.93493
0.60553,0.39074
0.60553,0.02051
0.60553,0.29836
0.60553,0.073811
0.60553,0.81831
0.60553,1.0857
0.60553,0.97203
0.60553,0.2989
0.60553,-1.0476
0.60553,-0.1166
0.60553,1.6781
0.60553,2.149
0.60553,1.9614
0.60553,1.611
0.60553,1.2141
-1.0833,0.77815
-1.0833,-1.605
-1.0833,-2.7371
-1.0833,-2.8893
-1.0833,-2.672
-1.0833,-2.4497
-1.0833,-2.3324
-1.0833,-2.3003
-1.0833,-2.3079
-1.0833,-2.3238
-1.0833,-2.3343
-1.0833,-2.3406
0.30175,-2.3406
0.30175,-1.1048
0.30175,1.0539
0.30175,1.6786
0.30175,1.3237
0.30175,0.52596
0.30175,0.096673
0.30175,0.64934
0.30175,0.8213
0.30175,0.098366
0.30175,-1.2736
0.30175,-0.58079
-1.3958,1.1746
-1.3958,-0.18989
-1.3958,-2.7847
-1.3958,-3.65
-1.3958,-3.5647
-1.3958,-3.2369
-1.3958,-3.0001
-1.3958,-2.9087
-1.3958,-2.9063
-1.3958,-2.9318
-1.3958,-2.953
-1.3958,-2.9624
-1.3958,-2.9634
-1.3958,-2.9615
-1.3958,-2.9597
-1.3958,-2.9588
-1.3958,-2.9586
-1.3958,-2.9588
-1.3958,-2.9591
-1.3958,-2.9591
-1.3958,-2.959
-1.3958,-2.9589
-1.3958,-2.959
-1.3958,-2.959
-1.3958,-2.959
-1.3958,-2.959
-1.3958,-2.959
-1.3958,-2.9591
-1.3958,-2.9591
-1.3958,-2.9589
-1.3958,-2.9589
-1.3958,-2.959
-1.3958,-2.959
-1.3958,-2.9591
-1.3958,-2.9589
-1.3958,-2.9587
0.75675,-2.9587
0.75675,-1.1068
0.75675,1.7535
0.75675,2.6815
0.75675,2.5827
0.75675,2.2218
0.75675,1.9463
0.75675,1.7926
0.75675,1.7243
0.75675,1.7034
0.75675,1.6334
0.75675,1.6007
0.75675,1.6589
0.75675,1.622
0.75675,1.6215
0.75675,1.6642
0.75675,1.6984
0.75675,1.7597
0.75675,1.7673
0.75675,1.7182
0.75675,1.7013
0.75675,1.7016
0.75675,1.6661
0.75675,1.6451
-1.72,1.6045
-1.72,-1.0914
-1.72,-3.5519
-1.72,-4.2823
-1.72,-4.1284
-1.72,-3.7862
-1.72,-3.5586
-1.72,-3.4792
-1.72,-3.4839
-1.72,-3.5115
-1.72,-3.5322
-1.72,-3.5405
-1.72,-3.5409
-1.72,-3.5387
-1.72,-3.5369
-1.72,-3.536
-1.72,-3.5359
-1.72,-3.5361
-1.72,-3.5363
-1.72,-3.5363
-1.72,-3.5364
-1.72,-3.5363
-1.72,-3.5363
-1.72,-3.5363
-1.72,-3.5363
-1.72,-3.5363
-1.72,-3.5363
-1.72,-3.5363
-1.72,-3.5363
-1.72,-3.5363
-1.72,-3.5363
-1.72,-3.5363
-1.72,-3.5363
-1.72,-3.5363
-1.72,-3.5363
-1.72,-3.5363
1.7073,-3.5363
1.7073,-0.69849
1.7073,5.0181
1.7073,6.5643
1.7073,6.0863
1.7073,5.24
1.7073,4.7064
1.7073,4.5334
1.7073,4.555
1.7073,4.6243
1.7073,4.6732
1.7073,4.6915
1.7073,4.6915
1.7073,4.686
1.7073,4.6816
1.7073,4.6798
1.7073,4.6796
1.7073,4.68
1.7073,4.6804
1.7073,4.6806
1.7073,4.6806
1.7073,4.6806
1.7073,4.6805
1.7073,4.6805
1.7073,4.6805
1.7073,4.6805
1.7073,4.6805
1.7073,4.6805
1.7073,4.6805
1.7073,4.6805
1.7073,4.6805
1.7073,4.6805
1.7073,4.6805
1.7073,4.6805
1.7073,4.6805
1.7073,4.6805
1.7073,4.6805
1.7073,4.6805
1.7073,4.6805
1.7073,4.6805
1.7073,4.6805
1.7073,4.6805
1.7073,4.6805
1.7073,4.6805
1.7073,4.6805
1.7073,4.6805
1.7073,4.6805
1.7073,4.6805
1.7073,4.6805
1.7073,4.6805
1.7073,4.6805
1.7073,4.6805
1.7073,4.6805
1.7073,4.6805
1.7073,4.6805
1.7073,4.6805
1.7073,4.6805
1.7073,4.6805
1.7073,4.6805
1.7073,4.6805
1.7073,4.6805
1.7073,4.6805
1.7073,4.6805
1.7073,4.6805
1.7073,4.6805
1.7073,4.6805
1.7073,4.6805
1.7073,4.6805
1.7073,4.6805
1.7073,4.6805
1.7073,4.6805
1.7073,4.6805
-1.1871,4.6805
-1.1871,1.2919
-1.1871,-2.5605
-1.1871,-3.719
-1.1871,-3.4907
-1.1871,-2.9604
-1.1871,-2.6041
-1.1871,-2.4741
-1.1871,-2.473
-1.1871,-2.5118
-1.1871,-2.5453
-1.1871,-2.5609
-1.1871,-2.5632
-1.1871,-2.5614
-1.1871,-2.5595
-1.1871,-2.5577
-1.1871,-2.5561
-1.1871,-2.556
-1.1871,-2.5565
-1.1871,-2.5576
-1.1871,-2.5578
-1.1871,-2.557
-1.1871,-2.558
-1.1871,-2.5583
-1.1871,-2.5567
-1.1871,-2.5556
-1.1871,-2.5565
-1.1871,-2.5573
-1.1871,-2.5561
-1.1871,-2.5568
-1.1871,-2.5554
-1.1871,-2.5554
-1.1871,-2.5554
-1.1871,-2.5561
-1.1871,-2.5569
-1.1871,-2.5573
0.9931,-2.5573
0.9931,-0.63571
0.9931,3.4165
0.9931,4.2143
0.9931,3.6368
0.9931,2.9355
0.9931,2.5468
0.9931,2.4413
0.9931,2.4724
0.9931,2.5278
0.9931,2.5644
0.9931,2.5796
-1.7995,2.5805
-1.7995,-0.49388
-1.7995,-4.6576
-1.7995,-5.4135
-1.7995,-4.7692
-1.7995,-4.0269
-1.7995,-3.6264
-1.7995,-3.5286
-1.7995,-3.5706
-1.7995,-3.6335
-1.7995,-3.6712
-1.7995,-3.6825
-1.7995,-3.6803
-1.7995,-3.6751
-1.7995,-3.6716
-1.7995,-3.6703
-1.7995,-3.6704
-1.7995,-3.6708
-1.7995,-3.6711
-1.7995,-3.6713
-1.7995,-3.6713
-1.7995,-3.6712
-1.7995,-3.6712
-1.7995,-3.6712
-1.7995,-3.6712
-1.7995,-3.6712
-1.7995,-3.6712
-1.7995,-3.6712
-1.7995,-3.6712
-1.7995,-3.6712
-1.7995,-3.6712
-1.7995,-3.6712
-1.7995,-3.6712
-1.7995,-3.6712
-1.7995,-3.6712
-1.7995,-3.6712
1.6433,-3.6712
1.6433,-0.84796
1.6433,4.2437
1.6433,5.8913
1.6433,5.6818
1.6433,5.02
1.6433,4.5534
1.6433,4.3787
1.6433,4.3788
1.6433,4.4314
1.6433,4.4734
1.6433,4.4913
-1.2898,4.4929
-1.2898,1.0738
-1.2898,-3.2669
-1.2898,-4.3171
-1.2898,-3.855
-1.2898,-3.1703
-1.2898,-2.7609
-1.2898,-2.6367
-1.2898,-2.6582
-1.2898,-2.7141
-1.2898,-2.7531
-1.2898,-2.7682
1.6359,-2.7685
1.6359,-0.21512
1.6359,5.6295
1.6359,6.7989
1.6359,5.9811
1.6359,4.9759
1.6359,4.4172
1.6359,4.2718
1.6359,4.323
1.6359,4.4077
1.6359,4.46
1.6359,4.4765
1.6359,4.4739
1.6359,4.467
1.6359,4.4622
1.6359,4.4604
1.6359,4.4605
1.6359,4.461
1.6359,4.4614
1.6359,4.4616
1.6359,4.4616
1.6359,4.4616
1.6359,4.4616
1.6359,4.4615
-1.3205,4.4615
-1.3205,1.0215
-1.3205,-3.8959
-1.3205,-4.8333
-1.3205,-4.1081
-1.3205,-3.2467
-1.3205,-2.7749
-1.3205,-2.6539
-1.3205,-2.6973
-1.3205,-2.7696
-1.3205,-2.8144
-1.3205,-2.8294
-1.3205,-2.828
-1.3205,-2.8227
-1.3205,-2.8185
-1.3205,-2.8168
-1.3205,-2.8166
-1.3205,-2.8172
-1.3205,-2.8176
-1.3205,-2.8179
-1.3205,-2.818
-1.3205,-2.8174
-1.3205,-2.817
-1.3205,-2.8174
-1.3205,-2.8173
-1.3205,-2.8173
-1.3205,-2.8172
-1.3205,-2.8175
-1.3205,-2.8175
-1.3205,-2.8175
-1.3205,-2.8176
-1.3205,-2.8176
-1.3205,-2.8173
-1.3205,-2.8173
-1.3205,-2.8173
-1.3205,-2.8176
-1.3205,-2.8177
-1.3205,-2.8176
-1.3205,-2.8176
-1.3205,-2.8175
-1.3205,-2.8174
-1.3205,-2.8176
-1.3205,-2.8174
-1.3205,-2.8172
-1.3205,-2.8173
-1.3205,-2.8176
-1.3205,-2.8174
-1.3205,-2.8176
0.68394,-2.8178
0.68394,-1.078
0.68394,1.9693
0.68394,2.7656
0.68394,2.4876
0.68394,2.0192
0.68394,1.6768
0.68394,1.4343
0.68394,1.1357
0.68394,1.0796
0.68394,0.88698
0.68394,0.81199
-0.57945,0.22403
-0.57945,-1.3835
-0.57945,-1.7205
-0.57945,-1.574
-0.57945,-1.1516
-0.57945,-0.79014
-0.57945,-0.24314
-0.57945,0.59281
-0.57945,-0.47801
-0.57945,-0.87357
-0.57945,-0.51344
-0.57945,0.096386
0.68239,-0.91149
0.68239,-0.1879
0.68239,2.2464
0.68239,2.7154
0.68239,2.3613
0.68239,1.9235
0.68239,1.6143
0.68239,1.3939
0.68239,1.1943
0.68239,0.82381
0.68239,0.44133
0.68239,0.5499
-1.0682,0.81484
-1.0682,-1.0587
-1.0682,-1.9281
-1.0682,-2.341
-1.0682,-2.451
-1.0682,-2.4175
-1.0682,-2.3592
-1.0682,-2.3185
-1.0682,-2.3008
-1.0682,-2.2937
-1.0682,-2.293
-1.0682,-2.2953
1.4542,-2.2992
1.4542,-0.053413
1.4542,4.876
1.4542,5.8734
1.4542,5.1925
1.4542,4.3485
1.4542,3.8776
1.4542,3.7541
1.4542,3.7965
1.4542,3.8675
1.4542,3.9116
1.4542,3.9256
1.4542,3.9235
1.4542,3.9177
1.4542,3.9136
1.4542,3.9122
1.4542,3.9122
1.4542,3.9126
1.4542,3.913
1.4542,3.9132
1.4542,3.9132
1.4542,3.9131
1.4542,3.9131
1.4542,3.9131
-0.61858,3.9131
-0.61858,1.5389
-0.61858,-1.0849
-0.61858,-2.212
-0.61858,-2.1297
-0.61858,-1.6997
-0.61858,-1.2338
-0.61858,-0.80273
-0.61858,0.050477
-0.61858,0.9503
-0.61858,-0.23088
-0.61858,-2.2642
1.677,-2.4347
1.677,0.1885
1.677,5.1768
1.677,6.3785
1.677,5.8434
1.677,5.0548
1.677,4.5844
1.677,4.4447
1.677,4.4741
1.677,4.5395
1.677,4.583
1.677,4.5982
-1.1361,4.5973
-1.1361,1.3071
-1.1361,-2.3352
-1.1361,-3.4955
-1.1361,-3.3301
-1.1361,-2.8497
-1.1361,-2.5138
-1.1361,-2.383
-1.1361,-2.37
-1.1361,-2.4013
-1.1361,-2.4343
-1.1361,-2.4523
0.74083,-2.457
0.74083,-0.79179
0.74083,1.714
0.74083,2.5587
0.74083,2.4737
0.74083,2.1474
0.74083,1.8829
0.74083,1.7508
0.74083,1.6588
0.74083,1.5995
0.74083,1.5725
0.74083,1.546
0.74083,1.5296
0.74083,1.4455
0.74083,1.3723
0.74083,1.2174
0.74083,1.0399
0.74083,0.78384
0.74083,0.62261
0.74083,0.93912
0.74083,0.96122
0.74083,0.65444
0.74083,0.5302
0.74083,-0.38345
0.74083,0.51577
0.74083,1.0275
0.74083,1.4019
0.74083,1.4314
0.74083,1.4174
0.74083,1.3756
0.74083,1.3222
0.74083,1.2857
0.74083,1.3189
0.74083,1.4383
0.74083,1.3622
0.74083,1.3285
0.74083,1.2852
0.74083,1.2682
0.74083,1.1683
0.74083,0.97352
0.74083,0.97758
0.74083,0.78354
0.74083,0.98397
0.74083,1.2641
0.74083,1.3778
0.74083,1.4731
0.74083,1.4409
0.74083,1.4669
0.74083,1.4158
0.74083,1.2701
0.74083,1.0544
0.74083,0.88622
0.74083,0.62962
0.74083,0.26926
0.74083,-0.035334
0.74083,0.6587
0.74083,1.2117
0.74083,1.5453
0.74083,1.6825
0.74083,1.7433
0.74083,1.7131
0.74083,1.6459
0.74083,1.611
0.74083,1.5747
0.74083,1.53
0.74083,1.4946
0.74083,1.4691
0.74083,1.4122
0.74083,1.3848
0.74083,1.3475
0.74083,1.2063
0.74083,1.1803
-1.4055,0.95805
-1.4055,-1.8294
-1.4055,-3.2066
-1.4055,-3.5054
-1.4055,-3.3314
-1.4055,-3.1024
-1.4055,-2.9713
-1.4055,-2.9347
-1.4055,-2.9448
-1.4055,-2.9638
-1.4055,-2.9762
-1.4055,-2.9802
1.0931,-2.9798
1.0931,-0.83073
1.0931,2.8716
1.0931,3.9775
1.0931,3.7518
1.0931,3.2394
1.0931,2.8971
1.0931,2.7762
1.0931,2.781
1.0931,2.8216
1.0931,2.853
1.0931,2.8665
-0.88976,2.8675
-0.88976,0.66448
-0.88976,-2.8744
-0.88976,-3.4873
-0.88976,-2.916
-0.88976,-2.2744
-0.88976,-1.9114
-0.88976,-1.7459
-0.88976,-1.6953
-0.88976,-1.7126
-0.88976,-1.7448
-0.88976,-1.7413
1.3891,-1.737
1.3891,0.30851
1.3891,3.58
1.3891,4.6314
1.3891,4.491
1.3891,4.0633
1.3891,3.7633
1.3891,3.6516
1.3891,3.6522
1.3891,3.6862
1.3891,3.7132
1.3891,3.7246
-1.2426,3.7257
-1.2426,0.72573
-1.2426,-4.1347
-1.2426,-4.8622
-1.2426,-3.9861
-1.2426,-3.0669
-1.2426,-2.594
-1.2426,-2.4878
-1.2426,-2.5433
-1.2426,-2.6186
-1.2426,-2.6655
-1.2426,-2.68
1.5896,-2.678
1.5896,-0.19238
1.5896,5.4253
1.5896,6.5582
1.5896,5.7792
1.5896,4.8162
1.5896,4.2795
1.5896,4.139
1.5896,4.1876
1.5896,4.2687
1.5896,4.3189
1.5896,4.3348
-1.9137,4.3324
-1.9137,0.26554
-1.9137,-7.432
-1.9137,-7.9555
-1.9137,-6.065
-1.9137,-4.3955
-1.9137,-3.6271
-1.9137,-3.5132
-1.9137,-3.6526
-1.9137,-3.7983
-1.9137,-3.8731
-1.9137,-3.8892
1.0452,-3.8796
1.0452,-1.4745
1.0452,1.8091
1.0452,3.2411
1.0452,3.4135
1.0452,3.1219
1.0452,2.8366
1.0452,2.6949
1.0452,2.6651
1.0452,2.684
1.0452,2.7086
1.0452,2.7224
-1.7603,2.7261
-1.7603,-0.37355
-1.7603,-4.6102
-1.7603,-5.3785
-1.7603,-4.7223
-1.7603,-3.9667
-1.7603,-3.5592
-1.7603,-3.4598
-1.7603,-3.5025
-1.7603,-3.5665
-1.7603,-3.6049
-1.7603,-3.6165
-1.7603,-3.6142
-1.7603,-3.6089
-1.7603,-3.6053
-1.7603,-3.6041
-1.7603,-3.6041
-1.7603,-3.6046
-1.7603,-3.6049
-1.7603,-3.605
-1.7603,-3.605
-1.7603,-3.605
-1.7603,-3.6049
-1.7603,-3.6049
-1.7603,-3.6049
-1.7603,-3.6049
-1.7603,-3.6049
-1.7603,-3.6049
-1.7603,-3.6049
-1.7603,-3.6049
-1.7603,-3.6049
-1.7603,-3.6049
-1.7603,-3.6049
-1.7603,-3.6049
-1.7603,-3.6049
-1.7603,-3.6049
-1.7603,-3.6049
-1.7603,-3.6049
-1.7603,-3.6049
-1.7603,-3.6049
-1.7603,-3.6049
-1.7603,-3.6049
-1.7603,-3.6049
-1.7603,-3.6049
-1.7603,-3.6049
-1.7603,-3.6049
-1.7603,-3.6049
-1.7603,-3.6049
-1.7603,-3.6049
-1.7603,-3.6049
-1.7603,-3.6049
-1.7603,-3.6049
-1.7603,-3.6049
-1.7603,-3.6049
-1.7603,-3.6049
-1.7603,-3.6049
-1.7603,-3.6049
-1.7603,-3.6049
-1.7603,-3.6049
-1.7603,-3.6049
0.34591,-3.6049
0.34591,-1.8695
0.34591,0.15722
0.34591,2.3479
0.34591,2.2544
0.34591,1.5011
0.34591,0.62961
0.34591,-0.55107
0.34591,-0.59063
0.34591,1.0742
0.34591,1.3684
0.34591,0.88699
-1.9595,0.13728
-1.9595,-2.4345
-1.9595,-3.9555
-1.9595,-4.4015
-1.9595,-4.3019
-1.9595,-4.0886
-1.9595,-3.9477
-1.9595,-3.899
-1.9595,-3.9023
-1.9595,-3.9196
-1.9595,-3.9324
-1.9595,-3.9375
0.54289,-3.9377
0.54289,-1.9243
0.54289,0.43417
0.54289,2.2486
0.54289,2.3414
0.54289,1.8605
0.54289,1.3659
0.54289,0.9679
0.54289,0.24342
0.54289,-0.013891
0.54289,0.46068
0.54289,1.13
-0.50466,1.0038
-0.50466,-0.69636
-0.50466,-1.6917
-0.50466,-1.6333
-0.50466,-1.1943
-0.50466,-0.53125
-0.50466,1.2149
-0.50466,0.48318
-0.50466,-1.083
-0.50466,-1.4267
-0.50466,-1.1434
-0.50466,-0.50913
-0.50466,0.53231
-0.50466,0.31357
-0.50466,-0.94238
-0.50466,-1.3803
-0.50466,-1.1535
-0.50466,-0.43976
-0.50466,-0.29893
-0.50466,-0.5301
-0.50466,-0.30193
-0.50466,-1.1272
-0.50466,-1.0542
-0.50466,-0.64469
1.7515,0.33707
1.7515,1.8956
1.7515,3.7912
1.7515,4.8729
1.7515,5.1695
1.7515,5.0823
1.7515,4.9235
1.7515,4.8227
1.7515,4.7896
1.7515,4.7935
1.7515,4.8064
1.7515,4.8157
-1.4746,4.8191
-1.4746,1.028
-1.4746,-4.3714
-1.4746,-5.3576
-1.4746,-4.5268
-1.4746,-3.5662
-1.4746,-3.047
-1.4746,-2.9194
-1.4746,-2.9724
-1.4746,-3.0536
-1.4746,-3.1028
-1.4746,-3.118
0.27304,-3.1154
0.27304,-1.6188
0.27304,0.21607
0.27304,1.9536
0.27304,1.8185
0.27304,1.093
0.27304,0.025437
0.27304,-0.13414
0.27304,1.2216
0.27304,1.2614
0.27304,0.68654
0.27304,-0.57122
0.27304,-0.66255
0.27304,0.97406
0.27304,1.1799
0.27304,0.74735
0.27304,-0.39318
0.27304,-0.016014
0.27304,0.61923
0.27304,0.15559
0.27304,-0.70192
0.27304,-0.22781
0.27304,1.1967
0.27304,1.5543
0.27304,1.0272
0.27304,0.019146
0.27304,-1.9366
0.27304,-1.1987
0.27304,0.38958
0.27304,1.7865
0.27304,1.6255
0.27304,0.98443
0.27304,-0.018564
0.27304,-1.1279
0.27304,-0.17483
0.27304,1.1088
0.27304,1.3567
0.27304,0.76169
0.27304,-0.25139
0.27304,-0.84664
0.27304,0.069657
0.27304,1.454
0.27304,1.3927
0.27304,0.79569
0.27304,0.31647
0.27304,-0.43797
0.27304,0.23726
0.27304,0.40406
0.27304,0.01442
0.27304,-0.11079
0.27304,0.49995
0.27304,0.32868
0.27304,-0.32943
0.27304,0.22431
0.27304,1.0908
0.27304,0.83248
0.27304,0.057211
0.27304,-0.92383
0.27304,-0.39841
0.27304,1.3192
-0.023513,1.3483
-0.023513,0.30135
-0.023513,-1.2259
-0.023513,-0.96197
-0.023513,0.49017
-0.023513,2.1279
-0.023513,1.5041
-0.023513,0.2637
-0.023513,-1.7578
-0.023513,-1.4804
-0.023513,-0.36045
-0.023513,1.14
-0.023513,0.87777
-0.023513,-0.48969
-0.023513,-1.5266
-0.023513,-0.95983
-0.023513,0.43403
-0.023513,1.4309
-0.023513,0.78945
-0.023513,-0.51138
-0.023513,-0.30322
-0.023513,0.14465
-0.023513,-0.080781
-0.023513,0.32181
1.7878,-0.29882
1.7878,1.7879
1.7878,3.958
1.7878,5.095
1.7878,5.3536
1.7878,5.2193
1.7878,5.0344
1.7878,4.9267
1.7878,4.896
1.7878,4.9038
1.7878,4.9192
1.7878,4.9292
-0.39828,4.9326
-0.39828,2.3554
-0.39828,-0.078117
-0.39828,-3.8058
-0.39828,-3.4833
-0.39828,-2.1069
-0.39828,-1.0586
-0.39828,0.20164
-0.39828,-0.036101
-0.39828,-0.2208
-0.39828,-0.41872
-0.39828,-0.37104
-0.39828,-0.91305
-0.39828,-0.73807
-0.39828,-0.2462
-0.39828,0.39625
-0.39828,0.10958
-0.39828,-0.53146
-0.39828,-1.4937
-0.39828,-1.3593
-0.39828,-0.83976
-0.39828,0.18212
-0.39828,0.54461
-0.39828,-0.6606
-0.39828,-1.2822
-0.39828,-0.98222
-0.39828,-0.24569
-0.39828,1.0374
-0.39828,0.25554
-0.39828,-1.9402
-0.39828,-2.0798
-0.39828,-1.4992
-0.39828,-0.74951
-0.39828,0.50339
-0.39828,0.52677
-0.39828,-0.54955
0.59745,-1.5735
0.59745,-0.48392
0.59745,3.007
0.59745,3.3032
0.59745,2.493
0.59745,1.7494
0.59745,1.2415
0.59745,0.81609
0.59745,0.071755
0.59745,-0.01657
0.59745,1.008
0.59745,1.4367
-1.3229,1.3921
-1.3229,-0.90515
-1.3229,-3.0212
-1.3229,-3.5576
-1.3229,-3.3522
-1.3229,-3.0268
-1.3229,-2.8279
-1.3229,-2.7652
-1.3229,-2.775
-1.3229,-2.8007
-1.3229,-2.8192
-1.3229,-2.826
-1.3229,-2.8263
-1.3229,-2.8242
-1.3229,-2.8226
-1.3229,-2.8218
-1.3229,-2.8218
-1.3229,-2.8221
-1.3229,-2.822
-1.3229,-2.822
-1.3229,-2.8221
-1.3229,-2.8225
-1.3229,-2.8225
-1.3229,-2.8224
0.56882,-2.8223
0.56882,-1.1806
0.56882,1.4822
0.56882,2.271
0.56882,2.0721
0.56882,1.6387
0.56882,1.235
0.56882,0.9008
0.56882,0.44535
0.56882,0.42566
0.56882,1.3184
0.56882,1.4024
-0.93845,1.2434
-0.93845,-0.64192
-0.93845,-2.6684
-0.93845,-2.9784
-0.93845,-2.6197
-0.93845,-2.236
-0.93845,-2.023
-0.93845,-1.9213
-0.93845,-1.9078
-0.93845,-1.9198
-0.93845,-1.9195
-0.93845,-1.9208
-0.93845,-1.9042
-0.93845,-1.8995
-0.93845,-1.9101
-0.93845,-1.9257
-0.93845,-1.921
-0.93845,-1.9136
-0.93845,-1.9441
-0.93845,-1.9412
-0.93845,-1.9715
-0.93845,-1.9777
-0.93845,-1.9759
-0.93845,-1.9668
0.12956,-1.9697
0.12956,-1.0144
0.12956,0.72452
0.12956,1.7181
0.12956,1.2283
0.12956,0.035645
0.12956,-1.0347
0.12956,-0.44725
0.12956,1.1751
0.12956,1.206
0.12956,0.28336
0.12956,-0.72695
-1.9767,-1.0769
-1.9767,-2.0985
-1.9767,-3.3026
-1.9767,-3.9937
-1.9767,-4.1855
-1.9767,-4.1316
-1.9767,-4.0309
-1.9767,-3.9665
-1.9767,-3.9452
-1.9767,-3.9475
-1.9767,-3.9557
-1.9767,-3.9616
1.1656,-3.9638
1.1656,-1.4427
1.1656,2.1485
1.1656,3.6887
1.1656,3.841
1.1656,3.5007
1.1656,3.1828
1.1656,3.0304
1.1656,3.0036
1.1656,3.0278
1.1656,3.0553
1.1656,3.0701
-0.84699,3.0737
-0.84699,0.82503
-0.84699,-2.6606
-0.84699,-3.3204
-0.84699,-2.8027
-0.84699,-2.1887
-0.84699,-1.8301
-0.84699,-1.6557
-0.84699,-1.6009
-0.84699,-1.5255
-0.84699,-1.5152
-0.84699,-1.4039
-0.84699,-1.3208
-0.84699,-1.1936
-0.84699,-0.98739
-0.84699,-0.72338
-0.84699,-0.16582
-0.84699,0.20731
-0.84699,0.56513
-0.84699,-0.93608
-0.84699,-1.8802
-0.84699,-2.1204
-0.84699,-2.0476
-0.84699,-1.8949
1.031,-1.7784
1.031,0.026135
1.031,3.226
1.031,3.9164
1.031,3.5089
1.031,2.9757
1.031,2.6707
1.031,2.5843
1.031,2.6052
1.031,2.6489
1.031,2.6779
1.031,2.6879
1.031,2.6877
1.031,2.6853
1.031,2.6827
1.031,2.681
1.031,2.6806
1.031,2.6809
1.031,2.6813
1.031,2.6817
1.031,2.6824
1.031,2.6815
1.031,2.6817
1.031,2.6814
1.031,2.6813
1.031,2.6813
1.031,2.6805
1.031,2.6806
1.031,2.6805
1.031,2.6812
1.031,2.6813
1.031,2.6816
1.031,2.6812
1.031,2.6815
1.031,2.6816
1.031,2.6811
1.031,2.681
1.031,2.6806
1.031,2.6816
1.031,2.6819
1.031,2.6821
1.031,2.6819
1.031,2.6817
1.031,2.6809
1.031,2.6805
1.031,2.6806
1.031,2.6813
1.031,2.681
1.031,2.6808
1.031,2.6808
1.031,2.6812
1.031,2.6815
1.031,2.681
1.031,2.6806
1.031,2.6804
1.031,2.6813
1.031,2.6821
1.031,2.6821
1.031,2.6818
1.031,2.6818
-0.6679,2.681
-0.6679,0.80727
-0.6679,-2.8184
-0.6679,-3.2539
-0.6679,-2.5143
-0.6679,-1.7847
-0.6679,-1.3365
-0.6679,-0.80001
-0.6679,-0.023411
-0.6679,0.12448
-0.6679,-1.3813
-0.6679,-1.8535
0.86581,-1.771
0.86581,-0.048268
0.86581,3.6822
0.86581,4.0742
0.86581,3.2686
0.86581,2.5065
0.86581,2.1288
0.86581,2.0299
0.86581,2.0539
0.86581,2.1099
0.86581,2.1559
0.86581,2.1734
-0.4519,2.1789
-0.4519,0.74892
-0.4519,-1.9871
-0.4519,-2.3325
-0.4519,-1.7807
-0.4519,-1.0995
-0.4519,0.01121
-0.4519,-0.45279
-0.4519,-0.5678
-0.4519,-0.38507
-0.4519,-0.32245
-0.4519,-0.78122
-0.4519,-0.46873
-0.4519,-0.055399
-0.4519,0.27097
-0.4519,-0.75898
-0.4519,-1.051
-0.4519,-0.59332
-0.4519,0.34342
-0.4519,0.99661
-0.4519,-0.51567
-0.4519,-1.5001
-0.4519,-1.4522
-0.4519,-0.91377
-0.4519,0.065334
-0.4519,0.88191
-0.4519,-0.15709
-0.4519,-2.0309
-0.4519,-2.0772
-0.4519,-1.5441
-0.4519,-0.87206
-0.4519,0.40679
-0.4519,0.30735
-0.4519,-0.36962
-0.4519,-0.94818
-0.4519,-0.45021
1.1596,-0.23147
1.1596,1.5325
1.1596,2.8115
1.1596,3.3146
1.1596,3.3342
1.1596,3.1989
1.1596,3.0847
1.1596,3.0337
1.1596,3.0272
1.1596,3.0372
1.1596,3.0472
1.1596,3.0522
-1.5207,3.0532
-1.5207,0.061399
-1.5207,-5.3155
-1.5207,-5.8645
-1.5207,-4.6905
-1.5207,-3.5867
-1.5207,-3.0558
-1.5207,-2.9618
-1.5207,-3.0457
-1.5207,-3.1413
-1.5207,-3.1927
-1.5207,-3.2052
-1.5207,-3.1998
-1.5207,-3.1917
-1.5207,-3.1869
-1.5207,-3.1854
-1.5207,-3.1857
-1.5207,-3.1864
-1.5207,-3.1869
-1.5207,-3.187
-1.5207,-3.187
-1.5207,-3.1869
-1.5207,-3.1869
-1.5207,-3.1868
-1.5207,-3.1868
-1.5207,-3.1869
-1.5207,-3.1869
-1.5207,-3.1869
-1.5207,-3.1869
-1.5207,-3.1869
-1.5207,-3.1869
-1.5207,-3.1868
-1.5207,-3.1869
-1.5207,-3.1869
-1.5207,-3.1869
-1.5207,-3.1869
-1.5207,-3.1869
-1.5207,-3.1869
-1.5207,-3.1869
-1.5207,-3.1869
-1.5207,-3.1869
-1.5207,-3.1869
-1.5207,-3.1869
-1.5207,-3.1869
-1.5207,-3.1869
-1.5207,-3.1869
-1.5207,-3.1868
-1.5207,-3.1869
-1.5207,-3.1869
-1.5207,-3.1869
-1.5207,-3.1869
-1.5207,-3.1869
-1.5207,-3.1869
-1.5207,-3.1869
-1.5207,-3.1869
-1.5207,-3.1869
-1.5207,-3.1869
-1.5207,-3.1869
-1.5207,-3.1869
-1.5207,-3.1869
1.0596,-3.1869
1.0596,-0.99889
1.0596,2.9737
1.0596,4.0624
1.0596,3.7416
1.0596,3.1585
1.0596,2.7879
1.0596,2.6651
1.0596,2.676
1.0596,2.7225
1.0596,2.757
1.0596,2.7711
1.0596,2.7716
1.0596,2.7679
1.0596,2.7645
1.0596,2.7635
1.0596,2.7632
1.0596,2.7634
1.0596,2.7637
1.0596,2.7639
1.0596,2.7643
1.0596,2.7643
1.0596,2.7643
1.0596,2.7641
1.0596,2.7638
1.0596,2.7639
1.0596,2.7641
1.0596,2.7639
1.0596,2.7637
1.0596,2.7638
1.0596,2.7637
1.0596,2.7641
1.0596,2.7643
1.0596,2.7643
1.0596,2.7642
1.0596,2.7638
-1.2811,2.7637
-1.2811,0.17503
-1.2811,-4.0128
-1.2811,-4.6359
-1.2811,-3.878
-1.2811,-3.0848
-1.2811,-2.6772
-1.2811,-2.586
-1.2811,-2.6349
-1.2811,-2.7019
-1.2811,-2.7415
-1.2811,-2.7535
-1.2811,-2.7516
-1.2811,-2.7466
-1.2811,-2.7427
-1.2811,-2.7412
-1.2811,-2.7411
-1.2811,-2.7416
-1.2811,-2.7417
-1.2811,-2.7427
-1.2811,-2.7431
-1.2811,-2.7424
-1.2811,-2.7425
-1.2811,-2.7422
-1.2811,-2.7416
-1.2811,-2.7416
-1.2811,-2.7424
-1.2811,-2.7423
-1.2811,-2.7424
-1.2811,-2.7421
-1.2811,-2.742
-1.2811,-2.7426
-1.2811,-2.7422
-1.2811,-2.742
-1.2811,-2.742
-1.2811,-2.7419
-1.2811,-2.7419
-1.2811,-2.7423
-1.2811,-2.7422
-1.2811,-2.7423
-1.2811,-2.7424
-1.2811,-2.7424
-1.2811,-2.7422
-1.2811,-2.742
-1.2811,-2.7422
-1.2811,-2.7428
-1.2811,-2.7425
-1.2811,-2.7421
0.41814,-2.7422
0.41814,-1.2606
0.41814,0.97433
0.41814,2.1541
0.41814,1.9251
0.41814,1.3347
0.41814,0.69041
0.41814,-0.2739
0.41814,0.32826
0.41814,-0.52912
0.41814,-0.46184
0.41814,0.96395
0.41814,1.2715
0.41814,1.0591
0.41814,0.41011
0.41814,0.025526
0.41814,0.50369
0.41814,1.0028
0.41814,0.72019
0.41814,0.0037408
0.41814,-0.14607
0.41814,1.0074
0.41814,1.4178
0.41814,1.0791
-0.75964,0.39718
-0.75964,-1.7004
-0.75964,-2.2832
-0.75964,-2.155
-0.75964,-1.8677
-0.75964,-1.6378
-0.75964,-1.4055
-0.75964,-1.1767
-0.75964,-0.87293
-0.75964,-1.1686
-0.75964,-1.1182
-0.75964,-0.99155
-0.75964,-0.75038
-0.75964,-0.45105
-0.75964,-0.062026
-0.75964,-0.51803
-0.75964,-0.56806
-0.75964,0.12602
-0.75964,0.0060201
-0.75964,-1.1241
-0.75964,-1.6471
-0.75964,-1.7212
-0.75964,-1.6479
-0.75964,-1.4906
1.5667,-1.3077
1.5667,0.99214
1.5667,3.553
1.5667,4.6702
1.5667,4.7957
1.5667,4.5609
1.5667,4.3355
1.5667,4.2255
1.5667,4.2052
1.5667,4.2219
1.5667,4.2414
1.5667,4.252
-1.3617,4.2546
-1.3617,0.86639
-1.3617,-4.2121
-1.3617,-5.0782
-1.3617,-4.2475
-1.3617,-3.3232
-1.3617,-2.8328
-1.3617,-2.7162
-1.3617,-2.7692
-1.3617,-2.8472
-1.3617,-2.8944
-1.3617,-2.909
0.92219,-2.9067
0.92219,-0.92745
0.92219,2.3711
0.92219,3.3671
0.92219,3.174
0.92219,2.7205
0.92219,2.413
0.92219,2.2936
0.92219,2.2854
0.92219,2.3159
0.92219,2.3419
0.92219,2.3572
0.92219,2.3639
0.92219,2.363
0.92219,2.3622
0.92219,2.3585
0.92219,2.3589
0.92219,2.3578
0.92219,2.3551
0.92219,2.3571
0.92219,2.3561
0.92219,2.355
0.92219,2.3538
0.92219,2.3567
-1.1357,2.3607
-1.1357,0.11165
-1.1357,-4.4676
-1.1357,-4.8414
-1.1357,-3.7666
-1.1357,-2.7947
-1.1357,-2.3372
-1.1357,-2.2512
-1.1357,-2.3129
-1.1357,-2.3955
-1.1357,-2.4464
-1.1357,-2.4625
-1.1357,-2.4608
-1.1357,-2.4553
-1.1357,-2.4509
-1.1357,-2.4506
-1.1357,-2.4494
-1.1357,-2.4486
-1.1357,-2.4482
-1.1357,-2.4489
-1.1357,-2.4519
-1.1357,-2.4535
-1.1357,-2.4504
-1.1357,-2.451
1.5884,-2.4483
1.5884,-0.033609
1.5884,4.999
1.5884,6.1677
1.5884,5.5929
1.5884,4.7824
1.5884,4.3065
1.5884,4.1689
1.5884,4.2016
1.5884,4.269
1.5884,4.3131
1.5884,4.3282
-0.11837,4.3271
-0.11837,2.3437
-0.11837,0.42016
-0.11837,-1.487
-0.11837,-1.491
-0.11837,-0.63484
-0.11837,0.578
-0.11837,0.68883
-0.11837,0.14436
-0.11837,-0.71957
-0.11837,-0.38564
-0.11837,0.68642
1.2057,0.43478
1.2057,0.62886
1.2057,1.131
1.2057,2.1635
1.2057,2.9605
1.2057,3.3111
1.2057,3.3529
1.2057,3.2812
1.2057,3.2113
1.2057,3.1767
1.2057,3.1701
1.2057,3.1751
-0.10054,3.1811
-0.10054,1.7206
-0.10054,0.148
-0.10054,-2.5544
-0.10054,-2.2056
-0.10054,-1.0933
-0.10054,0.21179
-0.10054,0.96583
-0.10054,0.16567
-0.10054,-0.95529
-0.10054,-0.83184
-0.10054,0.22381
-0.10054,0.20176
-0.10054,-0.10522
-0.10054,0.095009
-0.10054,0.15122
-0.10054,0.36677
-0.10054,-0.2161
-0.10054,-0.44579
-0.10054,-0.20902
-0.10054,0.28511
-0.10054,-0.73984
-0.10054,-0.77177
-0.10054,-0.084287
-0.10054,1.2976
-0.10054,0.87372
-0.10054,-0.38232
-0.10054,0.041108
-0.10054,0.40806
-0.10054,0.45557
-0.10054,-1.5501
-0.10054,-1.4573
-0.10054,-0.52799
-0.10054,1.3992
-0.10054,1.0078
-0.10054,-0.46298
0.83075,-1.391
0.83075,0.020594
0.83075,2.5709
0.83075,3.1155
0.83075,2.7869
0.83075,2.3591
0.83075,2.1051
0.83075,1.9962
0.83075,1.9713
0.83075,1.9752
0.83075,2.0072
0.83075,2.0255
0.83075,2.05
0.83075,2.049
0.83075,2.0562
0.83075,2.0491
0.83075,2.0399
0.83075,2.032
0.83075,2.0293
0.83075,2.0189
0.83075,2.0217
0.83075,2.0366
0.83075,2.0605
0.83075,2.0524
0.83075,2.0476
0.83075,2.0399
0.83075,2.0467
0.83075,2.0473
0.83075,2.0495
0.83075,2.0435
0.83075,2.0372
0.83075,2.0287
0.83075,2.0347
0.83075,2.037
0.83075,2.0323
0.83075,2.0372
-0.61,2.0531
-0.61,0.50374
-0.61,-2.5245
-0.61,-2.8638
-0.61,-2.2276
-0.61,-1.5967
-0.61,-1.0991
-0.61,-0.33315
-0.61,0.08482
-0.61,-0.21362
-0.61,-0.095908
-0.61,-0.44995
-0.61,-1.5774
-0.61,-1.7963
-0.61,-1.5547
-0.61,-1.2261
-0.61,-0.80891
-0.61,0.14867
-0.61,0.41773
-0.61,-0.7401
-0.61,-1.4809
-0.61,-1.5625
-0.61,-1.3239
-0.61,-0.83162
1.7487,0.061842
1.7487,2.7748
1.7487,4.605
1.7487,5.2559
1.7487,5.2275
1.7487,5.0095
1.7487,4.8437
1.7487,4.7764
1.7487,4.7723
1.7487,4.7892
1.7487,4.804
1.7487,4.8107
-0.030019,4.8117
-0.030019,2.7206
-0.030019,0.69336
-0.030019,-2.2674
-0.030019,-2.0554
-0.030019,-0.96134
-0.030019,0.5776
-0.030019,1.4861
-0.030019,0.8314
-0.030019,-1.1477
-0.030019,-1.112
-0.030019,-0.087519
1.5359,1.9186
1.5359,3.045
1.5359,3.9392
1.5359,4.3168
1.5359,4.3507
1.5359,4.2645
1.5359,4.1854
1.5359,4.1479
1.5359,4.1417
1.5359,4.148
1.5359,4.1548
1.5359,4.1585
1.5359,4.1593
1.5359,4.1589
1.5359,4.1583
1.5359,4.158
1.5359,4.1579
1.5359,4.1579
1.5359,4.1579
1.5359,4.158
1.5359,4.158
1.5359,4.158
1.5359,4.158
1.5359,4.158
1.5359,4.158
1.5359,4.158
1.5359,4.158
1.5359,4.158
1.5359,4.158
1.5359,4.158
1.5359,4.158
1.5359,4.158
1.5359,4.158
1.5359,4.158
1.5359,4.158
1.5359,4.158
-1.9417,4.158
-1.9417,0.14625
-1.9417,-7.4872
-1.9417,-7.9867
-1.9417,-6.0962
-1.9417,-4.434
-1.9417,-3.6713
-1.9417,-3.5599
-1.9417,-3.6995
-1.9417,-3.8446
-1.9417,-3.9189
-1.9417,-3.9347
1.9802,-3.9251
1.9802,-0.75234
1.9802,5.2173
1.9802,7.1678
1.9802,6.9374
1.9802,6.1679
1.9802,5.6214
1.9802,5.415
1.9802,5.4139
1.9802,5.4749
1.9802,5.5241
1.9802,5.5451
-1.5777,5.5471
-1.5777,1.2801
-1.5777,-3.4712
-1.5777,-4.8053
-1.5777,-4.4472
-1.5777,-3.7605
-1.5777,-3.3186
-1.5777,-3.171
-1.5777,-3.1854
-1.5777,-3.2412
-1.5777,-3.2816
-1.5777,-3.2972
-1.5777,-3.2975
-1.5777,-3.2931
-1.5777,-3.2895
-1.5777,-3.2879
-1.5777,-3.2877
-1.5777,-3.2881
-1.5777,-3.2884
-1.5777,-3.2885
-1.5777,-3.2886
-1.5777,-3.2886
-1.5777,-3.2885
-1.5777,-3.2885
-1.5777,-3.2885
-1.5777,-3.2885
-1.5777,-3.2885
-1.5777,-3.2885
-1.5777,-3.2885
-1.5777,-3.2885
-1.5777,-3.2885
-1.5777,-3.2885
-1.5777,-3.2885
-1.5777,-3.2885
-1.5777,-3.2885
-1.5777,-3.2885
-1.5777,-3.2885
-1.5777,-3.2885
-1.5777,-3.2885
-1.5777,-3.2885
-1.5777,-3.2885
-1.5777,-3.2885
-1.5777,-3.2885
-1.5777,-3.2885
-1.5777,-3.2885
-1.5777,-3.2885
-1.5777,-3.2885
-1.5777,-3.2885
-1.5777,-3.2885
-1.5777,-3.2885
-1.5777,-3.2885
-1.5777,-3.2885
-1.5777,-3.2885
-1.5777,-3.2885
-1.5777,-3.2885
-1.5777,-3.2885
-1.5777,-3.2885
-1.5777,-3.2885
-1.5777,-3.2885
-1.5777,-3.2885
-1.5777,-3.2885
-1.5777,-3.2885
-1.5777,-3.2885
-1.5777,-3.2885
-1.5777,-3.2885
-1.5777,-3.2885
-1.5777,-3.2885
-1.5777,-3.2885
-1.5777,-3.2885
-1.5777,-3.2885
-1.5777,-3.2885
-1.5777,-3.2885
-1.5777,-3.2885
-1.5777,-3.2885
-1.5777,-3.2885
-1.5777,-3.2885
-1.5777,-3.2885
-1.5777,-3.2885
-1.5777,-3.2885
-1.5777,-3.2885
-1.5777,-3.2885
-1.5777,-3.2885
-1.5777,-3.2885
-1.5777,-3.2885
0.87732,-3.2885
0.87732,-1.2208
0.87732,1.9583
0.87732,3.0595
0.87732,2.9897
0.87732,2.6031
0.87732,2.3112
0.87732,2.1826
0.87732,2.1491
0.87732,2.1611
0.87732,2.1815
0.87732,2.2033
-0.99662,2.2177
-0.99662,0.18244
-0.99662,-4.0606
-0.99662,-4.3999
-0.99662,-3.3983
-0.99662,-2.4953
-0.99662,-2.064
-0.99662,-1.955
-0.99662,-1.9775
-0.99662,-2.0603
-0.99662,-2.0971
-0.99662,-2.1219
0.42793,-2.1283
0.42793,-0.84628
0.42793,1.4534
0.42793,1.8889
0.42793,1.5351
0.42793,0.91707
0.42793,0.05554
0.42793,-0.43057
0.42793,0.71479
0.42793,0.62065
0.42793,0.50272
0.42793,-0.41777
0.42793,-0.93057
0.42793,0.63084
0.42793,1.8093
0.42793,1.7597
0.42793,1.2893
0.42793,0.59366
0.42793,0.036158
0.42793,0.045052
0.42793,0.47964
0.42793,0.61026
0.42793,-0.35066
0.42793,0.24379
-1.287,1.1338
-1.287,-0.59298
-1.287,-3.3325
-1.287,-3.8669
-1.287,-3.4725
-1.287,-2.9966
-1.287,-2.7338
-1.287,-2.6649
-1.287,-2.6872
-1.287,-2.7266
-1.287,-2.7521
-1.287,-2.7606
0.64007,-2.7592
0.64007,-1.0769
0.64007,1.6542
0.64007,2.471
0.64007,2.2816
0.64007,1.8752
0.64007,1.5286
0.64007,1.207
0.64007,0.63282
0.64007,-0.10043
0.64007,0.089475
0.64007,0.91792
-1.9202,1.1864
-1.9202,-1.7002
-1.9202,-3.6784
-1.9202,-4.3682
-1.9202,-4.3266
-1.9202,-4.0863
-1.9202,-3.9066
-1.9202,-3.8349
-1.9202,-3.8315
-1.9202,-3.8502
-1.9202,-3.8663
-1.9202,-3.8735
-1.9202,-3.8744
-1.9202,-3.873
-1.9202,-3.8716
-1.9202,-3.8709
-1.9202,-3.8708
-1.9202,-3.8709
-1.9202,-3.871
-1.9202,-3.871
-1.9202,-3.8711
-1.9202,-3.8711
-1.9202,-3.871
-1.9202,-3.871
1.4533,-3.871
1.4533,-1.1453
1.4533,3.1913
1.4533,4.8517
1.4533,4.8791
1.4533,4.4029
1.4533,4.0137
1.4533,3.8452
1.4533,3.8272
1.4533,3.8633
1.4533,3.8976
1.4533,3.9142
1.4533,3.9172
1.4533,3.9146
1.4533,3.9116
1.4533,3.91
1.4533,3.9097
1.4533,3.9098
1.4533,3.9101
1.4533,3.9102
1.4533,3.9103
1.4533,3.9103
1.4533,3.9102
1.4533,3.9102
1.4533,3.9102
1.4533,3.9102
1.4533,3.9102
1.4533,3.9102
1.4533,3.9102
1.4533,3.9102
1.4533,3.9102
1.4533,3.9102
1.4533,3.9102
1.4533,3.9102
1.4533,3.9102
1.4533,3.9102
-0.82391,3.9102
-0.82391,1.3021
-0.82391,-1.7578
-0.82391,-2.7415
-0.82391,-2.585
-0.82391,-2.1621
-0.82391,-1.8397
-0.82391,-1.6636
-0.82391,-1.5545
-0.82391,-1.4576
-0.82391,-1.2606
-0.82391,-0.97177
1.4891,-0.68722
1.4891,2.0275
1.4891,3.8145
1.4891,4.4521
1.4891,4.426
1.4891,4.2139
1.4891,4.052
1.4891,3.9862
1.4891,3.982
1.4891,3.9985
1.4891,4.0129
1.4891,4.0195
-0.53589,4.0204
-0.53589,1.6926
-0.53589,-0.72008
-0.53589,-2.4798
-0.53589,-2.3784
-0.53589,-1.7616
-0.53589,-1.197
-0.53589,-0.66039
-0.53589,0.052287
-0.53589,0.49979
-0.53589,-1.0896
-0.53589,-1.3893
0.87985,-1.0439
0.87985,0.93159
0.87985,2.6584
0.87985,2.979
0.87985,2.7183
0.87985,2.4114
0.87985,2.2362
0.87985,2.1711
0.87985,2.1734
0.87985,2.1882
0.87985,2.2116
0.87985,2.229
0.87985,2.2303
0.87985,2.2292
0.87985,2.223
0.87985,2.2151
0.87985,2.2162
0.87985,2.2142
0.87985,2.2178
0.87985,2.2176
0.87985,2.222
0.87985,2.2238
0.87985,2.227
0.87985,2.2261
-1.8668,2.2232
-1.8668,-0.76954
-1.8668,-4.3886
-1.8668,-5.1717
-1.8668,-4.7124
-1.8668,-4.11
-1.8668,-3.7659
-1.8668,-3.6714
-1.8668,-3.6989
-1.8668,-3.7494
-1.8668,-3.7814
-1.8668,-3.792
-1.8668,-3.7908
-1.8668,-3.7867
-1.8668,-3.7837
-1.8668,-3.7826
-1.8668,-3.7826
-1.8668,-3.7829
-1.8668,-3.7832
-1.8668,-3.7833
-1.8668,-3.7833
-1.8668,-3.7833
-1.8668,-3.7833
-1.8668,-3.7833
1.3667,-3.7833
1.3667,-1.1534
1.3667,3.16
1.3667,4.7008
1.3667,4.6394
1.3667,4.1281
1.3667,3.7374
1.3667,3.5783
1.3667,3.5682
1.3667,3.6078
1.3667,3.6426
1.3667,3.6585
1.3667,3.6608
1.3667,3.6578
1.3667,3.6548
1.3667,3.6533
1.3667,3.6529
1.3667,3.6531
1.3667,3.6534
1.3667,3.6535
1.3667,3.6536
1.3667,3.6536
1.3667,3.6535
1.3667,3.6535
1.3667,3.6535
1.3667,3.6535
1.3667,3.6535
1.3667,3.6535
1.3667,3.6535
1.3667,3.6535
1.3667,3.6535
1.3667,3.6535
1.3667,3.6535
1.3667,3.6535
1.3667,3.6535
1.3667,3.6535
-0.42512,3.6535
-0.42512,1.6169
-0.42512,-0.60048
-0.42512,-2.1613
-0.42512,-2.0241
-0.42512,-1.4218
-0.42512,-0.58903
-0.42512,0.94541
-0.42512,0.65241
-0.42512,-0.83469
-0.42512,-1.4676
-0.42512,-1.1409
-0.42512,-0.44273
-0.42512,1.7082
-0.42512,0.97834
-0.42512,-1.0979
-0.42512,-1.7429
-0.42512,-1.4495
-0.42512,-0.85761
-0.42512,-0.084728
-0.42512,0.60963
-0.42512,0.064677
-0.42512,-1.7618
-0.42512,-1.841
1.6785,-1.3633
1.6785,1.321
1.6785,3.7533
1.6785,4.9023
1.6785,5.0917
1.6785,4.8986
1.6785,4.6873
1.6785,4.5761
1.6785,4.5506
1.6785,4.5636
1.6785,4.5816
1.6785,4.5921
1.6785,4.5951
1.6785,4.5944
1.6785,4.5929
1.6785,4.5919
1.6785,4.5915
1.6785,4.5916
1.6785,4.5917
1.6785,4.5918
1.6785,4.5918
1.6785,4.5918
1.6785,4.5918
1.6785,4.5918
1.6785,4.5918
1.6785,4.5918
1.6785,4.5918
1.6785,4.5918
1.6785,4.5918
1.6785,4.5918
1.6785,4.5918
1.6785,4.5918
1.6785,4.5918
1.6785,4.5918
1.6785,4.5918
1.6785,4.5918
1.6785,4.5918
1.6785,4.5918
1.6785,4.5918
1.6785,4.5918
1.6785,4.5918
1.6785,4.5918
1.6785,4.5918
1.6785,4.5918
1.6785,4.5918
1.6785,4.5918
1.6785,4.5918
1.6785,4.5918
1.6785,4.5918
1.6785,4.5918
1.6785,4.5918
1.6785,4.5918
1.6785,4.5918
1.6785,4.5918
1.6785,4.5918
1.6785,4.5918
1.6785,4.5918
1.6785,4.5918
1.6785,4.5918
1.6785,4.5918
1.6785,4.5918
1.6785,4.5918
1.6785,4.5918
1.6785,4.5918
1.6785,4.5918
1.6785,4.5918
1.6785,4.5918
1.6785,4.5918
1.6785,4.5918
1.6785,4.5918
1.6785,4.5918
1.6785,4.5918
1.6785,4.5918
1.6785,4.5918
1.6785,4.5918
1.6785,4.5918
1.6785,4.5918
1.6785,4.5918
1.6785,4.5918
1.6785,4.5918
1.6785,4.5918
1.6785,4.5918
1.6785,4.5918
1.6785,4.5918
-1.2576,4.5918
-1.2576,1.1629
-1.2576,-2.8678
-1.2576,-3.9938
-1.2576,-3.6856
-1.2576,-3.1013
-1.2576,-2.726
-1.2576,-2.5989
-1.2576,-2.6074
-1.2576,-2.6536
-1.2576,-2.6878
-1.2576,-2.7026
-1.2576,-2.704
-1.2576,-2.7006
-1.2576,-2.6982
-1.2576,-2.6961
-1.2576,-2.696
-1.2576,-2.6965
-1.2576,-2.6966
-1.2576,-2.6966
-1.2576,-2.6966
-1.2576,-2.6962
-1.2576,-2.6961
-1.2576,-2.6964
0.26755,-2.6966
0.26755,-1.3634
0.26755,0.45483
0.26755,1.9611
0.26755,1.721
0.26755,0.9841
0.26755,-0.17849
0.26755,-1.0831
0.26755,-0.037903
0.26755,1.7623
0.26755,1.6989
0.26755,1.038
0.26755,-0.089836
0.26755,-0.29504
0.26755,0.57972
0.26755,1.1512
0.26755,0.72597
0.26755,0.13205
0.26755,-0.27021
0.26755,0.13278
0.26755,0.81002
0.26755,0.32393
0.26755,-0.45718
0.26755,0.30941
-0.41427,1.6427
-0.41427,0.80967
-0.41427,-1.7089
-0.41427,-2.0676
-0.41427,-1.5885
-0.41427,-0.98364
-0.41427,-0.075698
-0.41427,0.89048
-0.41427,0.24173
-0.41427,-1.3771
-0.41427,-1.5593
-0.41427,-1.079
-0.41427,-0.2266
-0.41427,0.25406
-0.41427,0.69485
-0.41427,-0.20652
-0.41427,-0.65674
-0.41427,-0.70672
-0.41427,-0.22223
-0.41427,0.88663
-0.41427,0.43139
-0.41427,-0.75564
-0.41427,-1.3195
-0.41427,-1.1306
1.2144,-0.76586
1.2144,1.6284
1.2144,3.0893
1.2144,3.5874
1.2144,3.5479
1.2144,3.3668
1.2144,3.2338
1.2144,3.1816
1.2144,3.1797
1.2144,3.1939
1.2144,3.2058
1.2144,3.2111
1.2144,3.2118
1.2144,3.2107
1.2144,3.2096
1.2144,3.2091
1.2144,3.209
1.2144,3.2091
1.2144,3.2091
1.2144,3.2092
1.2144,3.2092
1.2144,3.2093
1.2144,3.2092
1.2144,3.2092
-1.2598,3.2092
-1.2598,0.43455
-1.2598,-4.4168
-1.2598,-5.0169
-1.2598,-4.0415
-1.2598,-3.0811
-1.2598,-2.6051
-1.2598,-2.5081
-1.2598,-2.5722
-1.2598,-2.6536
-1.2598,-2.701
-1.2598,-2.7147
0.74095,-2.7121
0.74095,-0.95694
0.74095,2.3031
0.74095,3.0697
0.74095,2.7086
0.74095,2.1872
0.74095,1.8536
0.74095,1.6564
0.74095,1.5974
0.74095,1.509
0.74095,1.4697
0.74095,1.3836
-1.1503,1.3349
-1.1503,-0.72306
-1.1503,-3.0763
-1.1503,-3.492
-1.1503,-3.1187
-1.1503,-2.6952
-1.1503,-2.4658
-1.1503,-2.4043
-1.1503,-2.4229
-1.1503,-2.4549
-1.1503,-2.4774
-1.1503,-2.4848
0.90285,-2.4874
0.90285,-0.66707
0.90285,3.437
0.90285,4.1147
0.90285,3.4256
0.90285,2.6709
0.90285,2.2706
0.90285,2.1591
0.90285,2.1694
0.90285,2.2192
0.90285,2.2696
0.90285,2.2963
-0.087791,2.2994
-0.087791,1.217
-0.087791,-0.53694
-0.087791,-1.9485
-0.087791,-1.4705
-0.087791,-0.35548
-0.087791,1.9431
-0.087791,1.5507
-0.087791,0.34371
-0.087791,-1.7479
-0.087791,-1.6222
-0.087791,-0.72328
-0.087791,1.2226
-0.087791,1.1014
-0.087791,0.076012
-0.087791,-2.398
-0.087791,-2.0426
-0.087791,-0.98214
-0.087791,0.89087
-0.087791,1.1052
-0.087791,0.13663
-0.087791,-0.86809
-0.087791,-0.30371
-0.087791,0.59149
0.05437,-0.051891
0.05437,-0.29443
0.05437,-0.47868
0.05437,0.057922
0.05437,0.0038706
0.05437,-0.2625
0.05437,-0.61031
0.05437,-0.58539
0.05437,0.6719
0.05437,1.0859
0.05437,0.24471
0.05437,-0.37031
0.05437,-0.65893
0.05437,-0.052969
0.05437,0.3421
0.05437,0.091531
0.05437,-0.066296
0.05437,-0.72614
0.05437,0.20813
0.05437,1.2009
0.05437,0.56893
0.05437,-0.97913
0.05437,-0.95078
0.05437,0.0068034
-0.62537,0.51645
-0.62537,-0.35039
-0.62537,-1.4254
-0.62537,-1.5725
-0.62537,-1.3742
-0.62537,-0.97058
-0.62537,-0.51037
-0.62537,-0.10407
-0.62537,-0.57923
-0.62537,-0.91995
-0.62537,-0.68984
-0.62537,-0.3098
0.025725,-0.095199
0.025725,1.0104
0.025725,0.99557
0.025725,0.092767
0.025725,-0.81869
0.025725,-0.22673
0.025725,0.66395
0.025725,0.81175
0.025725,0.032524
0.025725,0.17198
0.025725,0.071602
0.025725,0.039229
0.025725,-0.74823
0.025725,-0.93653
0.025725,-0.20199
0.025725,1.0537
0.025725,0.72024
0.025725,-0.32295
0.025725,-0.47011
0.025725,0.50714
0.025725,-0.14931
0.025725,0.0402
0.025725,0.3315
0.025725,-0.0038992
-0.76793,-0.36788
-0.76793,-0.087042
-0.76793,-2.0345
-0.76793,-2.4556
-0.76793,-2.2096
-0.76793,-1.8735
-0.76793,-1.6247
-0.76793,-1.3908
-0.76793,-1.1663
-0.76793,-0.67861
-0.76793,0.07471
-0.76793,-0.30721
-0.76793,-0.97498
-0.76793,-1.0636
-0.76793,-0.92556
-0.76793,-0.9543
-0.76793,-0.37515
-0.76793,1.0056
-0.76793,-0.10472
-0.76793,-1.7442
-0.76793,-2.2199
-0.76793,-2.0995
-0.76793,-1.8379
-0.76793,-1.5938
-0.76793,-1.4213
-0.76793,-1.2778
-0.76793,-1.1273
-0.76793,-0.73651
-0.76793,-0.81129
-0.76793,-0.30622
-0.76793,0.43897
-0.76793,-0.17504
-0.76793,-2.2878
-0.76793,-2.6363
-0.76793,-2.282
-0.76793,-1.8767
-0.76793,-1.5617
-0.76793,-1.3247
-0.76793,-1.2086
-0.76793,-1.178
-0.76793,-1.1923
-0.76793,-0.98297
-0.76793,-0.78273
-0.76793,-0.44368
-0.76793,-0.033471
-0.76793,-0.70829
-0.76793,-0.54103
-0.76793,-0.75701
-0.76793,-0.36493
-0.76793,0.3244
-0.76793,0.041716
-0.76793,-0.32307
-0.76793,-1.1954
-0.76793,-1.2097
-0.76793,-0.83138
-0.76793,-0.36571
-0.76793,-0.75929
-0.76793,-1.1629
-0.76793,-1.0218
-0.76793,-1.2844
-0.76793,-1.2886
-0.76793,-1.2589
-0.76793,-1.1219
-0.76793,-0.55287
-0.76793,-0.071691
-0.76793,-1.2843
-0.76793,-1.6983
-0.76793,-1.7058
-0.76793,-1.6149
-0.76793,-1.5104
-0.76793,-1.3303
-0.76793,-1.0801
1.3662,-0.78648
1.3662,1.3293
1.3662,3.3634
1.3662,4.118
1.3662,4.1115
1.3662,3.88
1.3662,3.6966
1.3662,3.6195
1.3662,3.6127
1.3662,3.6304
1.3662,3.6467
1.3662,3.6543
-0.18568,3.6556
-0.18568,1.8904
-0.18568,0.099299
-0.18568,-3.0744
-0.18568,-2.7085
-0.18568,-1.4612
-0.18568,-0.27981
-0.18568,1.0907
-0.18568,0.59899
-0.18568,-0.52816
-0.18568,-1.5165
-0.18568,-1.1463
-0.18568,-0.082865
-0.18568,1.0473
-0.18568,0.64689
-0.18568,-1.0735
-0.18568,-0.99035
-0.18568,-0.11763
-0.18568,0.51452
-0.18568,-0.26128
-0.18568,-0.94125
-0.18568,-0.67834
-0.18568,0.21439
-0.18568,1.4976
0.070677,0.77575
0.070677,0.18411
0.070677,-0.28245
0.070677,-0.97208
0.070677,-0.50894
0.070677,0.32989
0.070677,0.53148
0.070677,-0.33152
0.070677,-0.73443
0.070677,0.42118
0.070677,1.0679
0.070677,0.41397
-1.2248,-1.1148
-1.2248,-2.1614
-1.2248,-2.6948
-1.2248,-2.825
-1.2248,-2.7701
-1.2248,-2.6866
-1.2248,-2.6348
-1.2248,-2.6168
-1.2248,-2.6196
-1.2248,-2.6264
-1.2248,-2.6313
-1.2248,-2.6329
1.2171,-2.6332
1.2171,-0.48916
1.2171,3.8421
1.2171,4.829
1.2171,4.3192
1.2171,3.6153
1.2171,3.2051
1.2171,3.0879
1.2171,3.1172
1.2171,3.1758
1.2171,3.2139
1.2171,3.2269
1.2171,3.2258
1.2171,3.2211
1.2171,3.2176
1.2171,3.2162
1.2171,3.2162
1.2171,3.2166
1.2171,3.2169
1.2171,3.2171
1.2171,3.2171
1.2171,3.217
1.2171,3.217
1.2171,3.217
-0.03152,3.2169
-0.03152,1.8164
-0.03152,0.26858
-0.03152,-1.2952
-0.03152,-1.0981
-0.03152,0.037488
-0.03152,0.65382
-0.03152,-0.39807
-0.03152,-0.75452
-0.03152,-0.035972
-0.03152,0.38542
-0.03152,-0.31856
0.03271,-1.1747
0.03271,-0.68487
0.03271,0.63931
0.03271,0.49872
0.03271,-0.94304
0.03271,-1.1737
0.03271,-0.33594
0.03271,1.1797
0.03271,0.97479
0.03271,-0.098393
0.03271,-1.734
0.03271,-1.2917
0.03271,-0.063618
0.03271,1.471
0.03271,1.2811
0.03271,0.16931
0.03271,-1.0648
0.03271,-0.80279
0.03271,1.3094
0.03271,1.3971
0.03271,0.47312
0.03271,-1.2819
0.03271,-1.1048
0.03271,0.050133
-0.38015,1.6188
-0.38015,0.91515
-0.38015,-0.78998
-0.38015,-1.6577
-0.38015,-1.4684
-0.38015,-0.82538
-0.38015,0.45841
-0.38015,0.52804
-0.38015,-0.50305
-0.38015,-0.96677
-0.38015,-0.86866
-0.38015,-0.162
1.1738,1.1672
1.1738,1.9521
1.1738,2.719
1.1738,3.1339
1.1738,3.2376
1.1738,3.1962
1.1738,3.1319
1.1738,3.0928
1.1738,3.0808
1.1738,3.0827
1.1738,3.088
1.1738,3.0917
1.1738,3.0931
1.1738,3.0931
1.1738,3.0926
1.1738,3.0922
1.1738,3.0921
1.1738,3.0922
1.1738,3.0922
1.1738,3.0922
1.1738,3.0922
1.1738,3.0921
1.1738,3.0921
1.1738,3.092
-0.11516,3.0921
-0.11516,1.6519
-0.11516,0.086139
-0.11516,-1.9257
-0.11516,-1.6827
-0.11516,-0.73434
-0.11516,0.89425
-0.11516,0.50624
-0.11516,-1.7461
-0.11516,-1.6555
-0.11516,-0.76204
-0.11516,0.84703
-0.11516,0.69537
-0.11516,-0.34126
-0.11516,-0.68259
-0.11516,-0.33982
-0.11516,0.65519
-0.11516,0.33821
-0.11516,-0.37725
-0.11516,-0.62524
-0.11516,-0.0301
-0.11516,0.84501
-0.11516,0.44028
-0.11516,-1.0444
0.73514,-0.79676
0.73514,1.2612
0.73514,2.2151
0.73514,2.3152
0.73514,2.11
0.73514,1.8891
0.73514,1.7286
0.73514,1.5971
0.73514,1.5497
0.73514,1.412
0.73514,1.3089
0.73514,1.004
-1.2629,0.34017
-1.2629,-2.0928
-1.2629,-3.1274
-1.2629,-3.2299
-1.2629,-3.0015
-1.2629,-2.7877
-1.2629,-2.6837
-1.2629,-2.6637
-1.2629,-2.6789
-1.2629,-2.6968
-1.2629,-2.7067
-1.2629,-2.7103
-1.2629,-2.71
-1.2629,-2.7084
-1.2629,-2.7073
-1.2629,-2.7067
-1.2629,-2.7065
-1.2629,-2.7067
-1.2629,-2.7069
-1.2629,-2.7067
-1.2629,-2.7073
-1.2629,-2.7075
-1.2629,-2.7069
-1.2629,-2.7066
-1.2629,-2.7064
-1.2629,-2.7063
-1.2629,-2.7063
-1.2629,-2.7067
-1.2629,-2.7075
-1.2629,-2.7066
-1.2629,-2.7066
-1.2629,-2.7067
-1.2629,-2.7077
-1.2629,-2.7079
-1.2629,-2.7073
-1.2629,-2.7063
-1.2629,-2.7064
-1.2629,-2.707
-1.2629,-2.7072
-1.2629,-2.707
-1.2629,-2.7075
-1.2629,-2.7067
-1.2629,-2.7065
-1.2629,-2.7069
-1.2629,-2.7074
-1.2629,-2.7072
-1.2629,-2.707
-1.2629,-2.7067
-1.2629,-2.7069
-1.2629,-2.7066
-1.2629,-2.7067
-1.2629,-2.7063
-1.2629,-2.7056
-1.2629,-2.7058
-1.2629,-2.7071
-1.2629,-2.7073
-1.2629,-2.7071
-1.2629,-2.7067
-1.2629,-2.7067
-1.2629,-2.707
-1.2629,-2.7077
-1.2629,-2.7077
-1.2629,-2.7076
-1.2629,-2.7073
-1.2629,-2.7075
-1.2629,-2.7073
-1.2629,-2.707
-1.2629,-2.7072
-1.2629,-2.7073
-1.2629,-2.7074
-1.2629,-2.7073
-1.2629,-2.7071
1.4353,-2.7075
1.4353,-0.34948
1.4353,3.9356
1.4353,5.1816
1.4353,4.8929
1.4353,4.2882
1.4353,3.891
1.4353,3.7547
1.4353,3.7647
1.4353,3.8137
1.4353,3.8499
1.4353,3.8641
1.4353,3.8646
1.4353,3.8608
1.4353,3.8576
1.4353,3.8561
1.4353,3.856
1.4353,3.8562
1.4353,3.8565
1.4353,3.8567
1.4353,3.8567
1.4353,3.8567
1.4353,3.8567
1.4353,3.8566
-1.3853,3.8566
-1.3853,0.6312
-1.3853,-4.7758
-1.3853,-5.4805
-1.3853,-4.4221
-1.3853,-3.3641
-1.3853,-2.835
-1.3853,-2.728
-1.3853,-2.7996
-1.3853,-2.8902
-1.3853,-2.9418
-1.3853,-2.9562
0.16816,-2.9522
0.16816,-1.6065
0.16816,0.051283
0.16816,1.3377
0.16816,1.2186
0.16816,0.35225
0.16816,-0.57107
0.16816,-0.33273
0.16816,0.84965
0.16816,1.1107
0.16816,0.46216
0.16816,-0.73576
-0.90871,-0.83336
-0.90871,-0.74917
-0.90871,-0.58449
-0.90871,-0.77436
-0.90871,-1.0111
-0.90871,-0.90631
-0.90871,-0.95248
-0.90871,-1.091
-0.90871,-1.1476
-0.90871,-1.2317
-0.90871,-1.4391
-0.90871,-1.5352
-0.90871,-1.6275
-0.90871,-1.6827
-0.90871,-1.7526
-0.90871,-1.7532
-0.90871,-1.8003
-0.90871,-1.8171
-0.90871,-1.819
-0.90871,-1.8484
-0.90871,-1.8697
-0.90871,-1.856
-0.90871,-1.8563
-0.90871,-1.8582
0.88366,-1.8481
0.88366,-0.21516
0.88366,2.9738
0.88366,3.5818
0.88366,3.1118
0.88366,2.5531
0.88366,2.242
0.88366,2.1397
0.88366,2.1336
0.88366,2.1621
0.88366,2.2092
0.88366,2.2326
-0.7065,2.2409
-0.7065,0.50399
-0.7065,-3.3752
-0.7065,-3.6492
-0.7065,-2.7047
-0.7065,-1.8639
-0.7065,-1.3721
-0.7065,-0.93709
-0.7065,-0.5712
-0.7065,-0.82033
-0.7065,-0.86569
-0.7065,-0.86632
0.30721,-0.59317
0.30721,0.32254
0.30721,1.1175
0.30721,1.0511
0.30721,0.44015
0.30721,-1.1607
0.30721,-0.646
0.30721,0.77929
0.30721,1.1927
0.30721,0.67273
0.30721,-0.82951
0.30721,-0.51241
-1.3513,1.3956
-1.3513,0.049696
-1.3513,-2.5651
-1.3513,-3.5046
-1.3513,-3.4731
-1.3513,-3.166
-1.3513,-2.9296
-1.3513,-2.8321
-1.3513,-2.8248
-1.3513,-2.8478
-1.3513,-2.8685
-1.3513,-2.8782
1.3984,-2.8799
1.3984,-0.50015
1.3984,5.0351
1.3984,6.0518
1.3984,5.2046
1.3984,4.2218
1.3984,3.6897
1.3984,3.5589
1.3984,3.6139
1.3984,3.6971
1.3984,3.7472
1.3984,3.7623
1.3984,3.7593
1.3984,3.7525
1.3984,3.7478
1.3984,3.7462
1.3984,3.7463
1.3984,3.7468
1.3984,3.7472
1.3984,3.7474
1.3984,3.7474
1.3984,3.7474
1.3984,3.7473
1.3984,3.7473
1.3984,3.7473
1.3984,3.7473
1.3984,3.7473
1.3984,3.7473
1.3984,3.7473
1.3984,3.7473
1.3984,3.7473
1.3984,3.7473
1.3984,3.7473
1.3984,3.7473
1.3984,3.7473
1.3984,3.7473
1.3984,3.7473
1.3984,3.7473
1.3984,3.7473
1.3984,3.7473
1.3984,3.7473
1.3984,3.7473
1.3984,3.7473
1.3984,3.7473
1.3984,3.7473
1.3984,3.7473
1.3984,3.7473
1.3984,3.7473
-1.455,3.7473
-1.455,0.49486
-1.455,-5.0907
-1.455,-5.7554
-1.455,-4.6114
-1.455,-3.4968
-1.455,-2.9483
-1.455,-2.843
-1.455,-2.9231
-1.455,-3.0192
-1.455,-3.0722
-1.455,-3.0859
0.95677,-3.0811
0.95677,-1.0122
0.95677,2.6723
0.95677,3.6809
0.95677,3.3827
0.95677,2.8415
0.95677,2.4968
0.95677,2.3786
0.95677,2.3818
0.95677,2.4198
0.95677,2.4517
0.95677,2.4658
-1.1097,2.4694
-1.1097,0.20258
-1.1097,-4.0493
-1.1097,-4.5087
-1.1097,-3.6006
-1.1097,-2.7364
-1.1097,-2.3149
-1.1097,-2.2193
-1.1097,-2.2641
-1.1097,-2.3335
-1.1097,-2.3845
-1.1097,-2.4075
0.24209,-2.4107
0.24209,-1.2007
0.24209,0.67291
0.24209,1.4203
0.24209,1.0301
0.24209,-0.17704
0.24209,-0.91955
0.24209,-0.38852
0.24209,1.506
0.24209,1.5726
0.24209,0.94257
0.24209,-0.19207
0.24209,-0.82411
0.24209,0.4011
0.24209,1.8187
0.24209,1.5793
0.24209,0.90481
0.24209,-0.30256
0.24209,-0.94261
0.24209,-0.032286
0.24209,1.462
0.24209,1.2882
0.24209,0.46883
0.24209,-0.61118
0.24209,0.086936
0.24209,1.2401
0.24209,1.0855
0.24209,0.032776
0.24209,-1.9502
0.24209,-1.2568
0.24209,0.36488
0.24209,1.2861
0.24209,1.1022
0.24209,0.30949
0.24209,-1.2102
0.24209,-0.72443
-0.90151,0.42814
-0.90151,0.88444
-0.90151,-0.66292
-0.90151,-2.395
-0.90151,-2.7119
-0.90151,-2.4494
-0.90151,-2.1385
-0.90151,-1.94
-0.90151,-1.8452
-0.90151,-1.8141
-0.90151,-1.7901
-0.90151,-1.8065
1.4318,-1.8285
1.4318,0.28561
1.4318,4.4774
1.4318,5.4194
1.4318,4.9154
1.4318,4.2296
1.4318,3.8322
1.4318,3.72
1.4318,3.7494
1.4318,3.8067
1.4318,3.8436
1.4318,3.856
1.4318,3.8548
1.4318,3.8502
1.4318,3.8468
1.4318,3.8455
1.4318,3.8455
1.4318,3.8458
1.4318,3.8461
1.4318,3.8463
1.4318,3.8463
1.4318,3.8463
1.4318,3.8462
1.4318,3.8462
-1.7857,3.8462
-1.7857,0.16811
-1.7857,-5.8378
-1.7857,-6.5446
-1.7857,-5.3083
-1.7857,-4.1072
-1.7857,-3.5172
-1.7857,-3.4055
-1.7857,-3.4932
-1.7857,-3.5968
-1.7857,-3.6534
-1.7857,-3.6676
-1.7857,-3.662
-1.7857,-3.6533
-1.7857,-3.648
-1.7857,-3.6463
-1.7857,-3.6466
-1.7857,-3.6473
-1.7857,-3.6478
-1.7857,-3.648
-1.7857,-3.648
-1.7857,-3.6479
-1.7857,-3.6479
-1.7857,-3.6479
-1.7857,-3.6479
-1.7857,-3.6479
-1.7857,-3.6479
-1.7857,-3.6479
-1.7857,-3.6479
-1.7857,-3.6479
-1.7857,-3.6479
-1.7857,-3.6479
-1.7857,-3.6479
-1.7857,-3.6479
-1.7857,-3.6479
-1.7857,-3.6479
0.5462,-3.6479
0.5462,-1.7324
0.5462,0.6125
0.5462,2.2113
0.5462,2.2514
0.5462,1.8026
0.5462,1.3406
0.5462,0.89675
0.5462,0.38642
0.5462,-1.2707
0.5462,-0.43258
0.5462,2.1493
-0.50954,2.5303
-0.50954,0.94558
-0.50954,-1.7186
-0.50954,-2.242
-0.50954,-1.8447
-0.50954,-1.2614
-0.50954,-0.45242
-0.50954,0.44332
-0.50954,0.10166
-0.50954,-0.99738
-0.50954,-0.97833
-0.50954,-0.53623
-0.50954,0.76257
-0.50954,-0.35214
-0.50954,-1.8346
-0.50954,-1.9177
-0.50954,-1.5217
-0.50954,-1.0631
-0.50954,-0.23779
-0.50954,0.65933
-0.50954,0.44674
-0.50954,-1.1686
-0.50954,-1.6415
-0.50954,-1.4135
1.7312,-1.0398
1.7312,1.4459
1.7312,3.9236
1.7312,5.0823
1.7312,5.2659
1.7312,5.0652
1.7312,4.8495
1.7312,4.7372
1.7312,4.7121
1.7312,4.7257
1.7312,4.7441
1.7312,4.7547
1.7312,4.7577
1.7312,4.7569
1.7312,4.7554
1.7312,4.7544
1.7312,4.754
1.7312,4.7541
1.7312,4.7542
1.7312,4.7543
1.7312,4.7543
1.7312,4.7543
1.7312,4.7543
1.7312,4.7543
-0.4647,4.7543
-0.4647,2.1782
-0.4647,-0.25877
-0.4647,-3.3271
-0.4647,-3.12
-0.4647,-2.0337
-0.4647,-1.1691
-0.4647,-0.24788
-0.4647,0.80727
-0.4647,0.51192
-0.4647,-1.0508
-0.4647,-1.6377
1.6097,-1.3954
1.6097,1.2295
1.6097,3.6167
1.6097,4.7153
1.6097,4.8781
1.6097,4.6787
1.6097,4.4703
1.6097,4.3635
1.6097,4.3405
1.6097,4.3542
1.6097,4.372
1.6097,4.3822
-1.8168,4.385
-1.8168,0.40601
-1.8168,-6.9666
-1.8168,-7.5452
-1.8168,-5.7962
-1.8168,-4.2235
-1.8168,-3.49
-1.8168,-3.375
-1.8168,-3.503
-1.8168,-3.64
-1.8168,-3.7111
-1.8168,-3.727
-1.8168,-3.7183
-1.8168,-3.7066
-1.8168,-3.6999
-1.8168,-3.698
-1.8168,-3.6985
-1.8168,-3.6995
-1.8168,-3.7001
-1.8168,-3.7003
-1.8168,-3.7003
-1.8168,-3.7002
-1.8168,-3.7002
-1.8168,-3.7001
-1.8168,-3.7001
-1.8168,-3.7001
-1.8168,-3.7001
-1.8168,-3.7001
-1.8168,-3.7001
-1.8168,-3.7001
-1.8168,-3.7001
-1.8168,-3.7001
-1.8168,-3.7001
-1.8168,-3.7001
-1.8168,-3.7001
-1.8168,-3.7001
-1.8168,-3.7001
-1.8168,-3.7001
-1.8168,-3.7001
-1.8168,-3.7001
-1.8168,-3.7001
-1.8168,-3.7001
-1.8168,-3.7001
-1.8168,-3.7001
-1.8168,-3.7001
-1.8168,-3.7001
-1.8168,-3.7001
-1.8168,-3.7001
0.46379,-3.7001
0.46379,-1.8339
0.46379,0.37517
0.46379,2.2338
0.46379,2.242
0.46379,1.6839
0.46379,1.0897
0.46379,0.24602
0.46379,-0.68905
0.46379,-0.12976
0.46379,1.4093
0.46379,1.6742
-0.47863,1.4196
-0.47863,-0.083991
-0.47863,-2.2505
-0.47863,-2.3203
-0.47863,-1.7165
-0.47863,-1.0667
-0.47863,-0.36098
-0.47863,1.4585
-0.47863,0.66821
-0.47863,-1.8238
-0.47863,-2.2332
-0.47863,-1.7714
-0.47863,-1.1764
-0.47863,-0.3152
-0.47863,1.645
-0.47863,0.76836
-0.47863,-1.5321
-0.47863,-1.9788
-0.47863,-1.6364
-0.47863,-1.0693
-0.47863,-0.4354
-0.47863,0.29617
-0.47863,0.57527
-0.47863,-0.64405
0.099509,-0.66135
0.099509,-0.091707
0.099509,0.499
0.099509,0.15292
0.099509,-0.78668
0.099509,-0.039096
0.099509,1.357
0.099509,1.1607
0.099509,0.42224
0.099509,-0.59964
0.099509,-0.64338
0.099509,-0.7417
0.099509,0.20164
0.099509,0.78878
0.099509,0.67446
0.099509,-0.54466
0.099509,-0.60902
0.099509,0.60502
0.099509,1.0404
0.099509,0.14132
0.099509,-1.2509
0.099509,-0.91057
0.099509,0.58157
0.099509,0.51556
0.099509,-0.18178
0.099509,-0.39744
0.099509,0.061765
0.099509,0.50148
0.099509,-0.43246
0.099509,-0.51161
0.099509,-0.16311
0.099509,1.3921
0.099509,1.2306
0.099509,0.29572
0.099509,-1.9184
0.099509,-1.4792
0.099509,-0.22034
0.099509,1.1343
0.099509,0.99986
0.099509,-0.045934
0.099509,-1.235
0.099509,-0.64546
0.099509,1.1048
0.099509,1.1797
0.099509,0.41532
0.099509,-1.3151
0.099509,-1.1001
0.099509,-0.061992
-0.15677,1.0595
-0.15677,0.44204
-0.15677,-0.88734
-0.15677,-1.2028
-0.15677,-0.6373
-0.15677,0.50124
-0.15677,0.40193
-0.15677,-0.71252
-0.15677,-0.41111
-0.15677,0.12983
-0.15677,0.48702
-0.15677,-0.66205
-0.15677,-1.3718
-0.15677,-0.83976
-0.15677,-0.059721
-0.15677,1.4827
-0.15677,0.97888
-0.15677,-0.73033
-0.15677,-1.4374
-0.15677,-0.98302
-0.15677,0.21016
-0.15677,1.9418
-0.15677,1.2607
-0.15677,-0.21398
1.2816,-0.93436
1.2816,1.0419
1.2816,2.6457
1.2816,3.5043
1.2816,3.7119
1.2816,3.6204
1.2816,3.485
1.2816,3.4041
1.2816,3.3799
1.2816,3.3849
1.2816,3.3961
1.2816,3.4036
-0.38177,3.4062
-0.38177,1.5295
-0.38177,-0.55167
-0.38177,-2.7056
-0.38177,-2.4412
-0.38177,-1.5746
-0.38177,-0.62091
-0.38177,0.93888
-0.38177,0.66237
-0.38177,-0.65602
-0.38177,-1.5012
-0.38177,-1.2989
1.6877,-0.45483
1.6877,2.0324
1.6877,4.0768
1.6877,4.9618
1.6877,5.0566
1.6877,4.8668
1.6877,4.6866
1.6877,4.5994
1.6877,4.5837
1.6877,4.5972
1.6877,4.6128
1.6877,4.6212
-0.3478,4.6233
-0.3478,2.2433
-0.3478,-0.02965
-0.3478,-2.2407
-0.3478,-2.1769
-0.3478,-1.4534
-0.3478,-0.69592
-0.3478,0.71369
-0.3478,0.014104
-0.3478,-1.3961
-0.3478,-1.5611
-0.3478,-1.0103
0.34159,0.14767
0.34159,1.7038
0.34159,1.6654
0.34159,1.0916
0.34159,0.39471
0.34159,-0.80399
0.34159,0.066545
0.34159,1.6522
0.34159,1.7043
0.34159,1.07
0.34159,0.1855
0.34159,-0.38997
-1.9886,-0.10919
-1.9886,-0.58077
-1.9886,-2.0968
-1.9886,-3.4746
-1.9886,-4.1414
-1.9886,-4.2616
-1.9886,-4.1577
-1.9886,-4.0386
-1.9886,-3.9744
-1.9886,-3.9588
-1.9886,-3.9656
-1.9886,-3.9757
0.87958,-3.9817
0.87958,-1.6857
0.87958,1.259
0.87958,2.7369
0.87958,2.9435
0.87958,2.6659
0.87958,2.3795
0.87958,2.2301
0.87958,2.1773
0.87958,2.1892
0.87958,2.2061
0.87958,2.2168
0.87958,2.2241
0.87958,2.2286
0.87958,2.2222
0.87958,2.2203
0.87958,2.2218
0.87958,2.22
0.87958,2.2179
0.87958,2.2166
0.87958,2.2205
0.87958,2.2174
0.87958,2.2174
0.87958,2.2216
-0.6801,2.2221
-0.6801,0.52713
-0.6801,-3.1485
-0.6801,-3.4468
-0.6801,-2.5827
-0.6801,-1.7971
-0.6801,-1.3499
-0.6801,-0.99637
-0.6801,-0.65684
-0.6801,-0.065722
-0.6801,-0.27341
-0.6801,-0.73933
-0.6801,-1.4978
-0.6801,-1.5242
-0.6801,-1.3394
-0.6801,-1.1017
-0.6801,-0.94907
-0.6801,-0.63839
-0.6801,-0.48648
-0.6801,-0.48337
-0.6801,-0.21467
-0.6801,-0.74233
-0.6801,-0.58802
-0.6801,-0.74684
-0.6801,-0.69077
-0.6801,-0.31714
-0.6801,-0.86382
-0.6801,-1.1469
-0.6801,-0.96725
-0.6801,-0.7021
-0.6801,-0.19453
-0.6801,-0.35264
-0.6801,-0.92675
-0.6801,-1.2177
-0.6801,-1.3176
-0.6801,-1.239
0.62843,-1.0517
0.62843,0.54781
0.62843,2.0804
0.62843,2.2695
0.62843,1.9709
0.62843,1.6311
0.62843,1.2719
0.62843,0.85759
0.62843,-0.36099
0.62843,-0.21456
0.62843,2.0909
0.62843,2.5168
0.62843,2.1748
0.62843,1.7437
0.62843,1.3863
0.62843,1.0442
0.62843,0.89688
0.62843,0.76948
0.62843,0.96756
0.62843,0.73958
0.62843,0.86918
0.62843,0.48702
0.62843,0.13865
0.62843,0.099651
-0.73016,1.8431
-0.73016,0.7493
-0.73016,-1.7104
-0.73016,-2.3827
-0.73016,-2.2032
-0.73016,-1.8452
-0.73016,-1.5676
-0.73016,-1.2519
-0.73016,-0.88883
-0.73016,-0.35302
-0.73016,-0.0062184
-0.73016,-0.81868
0.78648,-1.4005
0.78648,-0.12639
0.78648,2.4225
0.78648,2.9794
0.78648,2.662
0.78648,2.2389
0.78648,1.9739
0.78648,1.8378
0.78648,1.818
0.78648,1.8123
0.78648,1.799
0.78648,1.8118
0.78648,1.8217
0.78648,1.8229
0.78648,1.8333
0.78648,1.8432
0.78648,1.8311
0.78648,1.8324
0.78648,1.8154
0.78648,1.8076
0.78648,1.7989
0.78648,1.8006
0.78648,1.8247
0.78648,1.8149
0.78648,1.8131
0.78648,1.8232
0.78648,1.8438
0.78648,1.8742
0.78648,1.8564
0.78648,1.8526
0.78648,1.8854
0.78648,1.8904
0.78648,1.8878
0.78648,1.8767
0.78648,1.8527
0.78648,1.847
0.78648,1.852
0.78648,1.86
0.78648,1.8638
0.78648,1.9014
0.78648,1.8952
0.78648,1.9079
0.78648,1.8995
0.78648,1.8867
0.78648,1.852
0.78648,1.8465
0.78648,1.8505
0.78648,1.825
-1.1831,1.8436
-1.1831,-0.26286
-1.1831,-4.15
-1.1831,-4.5209
-1.1831,-3.6514
-1.1831,-2.8445
-1.1831,-2.4585
-1.1831,-2.385
-1.1831,-2.4387
-1.1831,-2.5055
-1.1831,-2.5476
-1.1831,-2.5609
-1.1831,-2.5601
-1.1831,-2.5544
-1.1831,-2.5503
-1.1831,-2.5486
-1.1831,-2.5496
-1.1831,-2.5486
-1.1831,-2.5488
-1.1831,-2.5477
-1.1831,-2.5487
-1.1831,-2.5489
-1.1831,-2.5496
-1.1831,-2.5493
0.23949,-2.5495
0.23949,-1.2966
0.23949,0.535
0.23949,1.9402
0.23949,1.6552
0.23949,0.87343
0.23949,-0.21505
0.23949,-1.5878
0.23949,-0.81673
0.23949,0.89618
0.23949,1.7892
0.23949,1.3779
0.23949,0.55086
0.23949,-1.0127
0.23949,-1.4342
0.23949,-0.43249
0.23949,1.2116
0.23949,1.3318
0.23949,0.79355
0.23949,-0.70171
0.23949,-0.97447
0.23949,0.35525
0.23949,2.2144
0.23949,1.9507
0.23949,1.127
0.23949,0.065763
0.23949,-1.2375
0.23949,-0.52666
0.23949,0.88038
0.23949,0.93425
0.23949,0.031139
0.23949,-0.62978
0.23949,0.19855
0.23949,1.4189
0.23949,1.2811
0.23949,0.45932
-0.076258,-0.061058
-0.076258,-1.2111
-0.076258,-0.97334
-0.076258,0.080269
-0.076258,2.0367
-0.076258,1.4884
-0.076258,0.24115
-0.076258,-1.4718
-0.076258,-1.2764
-0.076258,-0.14057
-0.076258,1.8676
-0.076258,1.4063
0.9172,0.25908
0.9172,-0.063314
0.9172,-0.60721
0.9172,1.0252
0.9172,2.0218
0.9172,2.4771
0.9172,2.554
0.9172,2.4805
0.9172,2.3976
0.9172,2.3453
0.9172,2.3286
0.9172,2.3314
0.9172,2.3393
0.9172,2.3418
0.9172,2.3413
0.9172,2.3425
0.9172,2.3443
0.9172,2.3453
0.9172,2.3445
0.9172,2.3432
0.9172,2.3386
0.9172,2.3405
0.9172,2.3418
0.9172,2.3432
0.9172,2.3446
0.9172,2.3443
0.9172,2.3444
0.9172,2.3424
0.9172,2.3425
0.9172,2.342
0.9172,2.341
0.9172,2.3393
0.9172,2.3382
0.9172,2.3395
0.9172,2.3397
0.9172,2.3439
0.9172,2.3451
0.9172,2.3455
0.9172,2.3433
0.9172,2.3414
0.9172,2.3407
0.9172,2.3403
0.9172,2.3425
0.9172,2.3412
0.9172,2.3424
0.9172,2.3435
0.9172,2.3439
0.9172,2.3437
-1.7397,2.3423
-1.7397,-0.55705
-1.7397,-4.4623
-1.7397,-5.1878
-1.7397,-4.5965
-1.7397,-3.9059
-1.7397,-3.5308
-1.7397,-3.4378
-1.7397,-3.476
-1.7397,-3.5344
-1.7397,-3.5697
-1.7397,-3.5805
1.8685,-3.5784
1.8685,-0.59314
1.8685,5.9136
1.8685,7.5001
1.8685,6.8173
1.8685,5.7951
1.8685,5.1822
1.8685,4.9985
1.8685,5.0354
1.8685,5.1201
1.8685,5.1767
1.8685,5.1966
1.8685,5.1956
1.8685,5.1888
1.8685,5.1836
1.8685,5.1816
1.8685,5.1814
1.8685,5.182
1.8685,5.1824
1.8685,5.1826
1.8685,5.1827
1.8685,5.1826
1.8685,5.1826
1.8685,5.1826
1.8685,5.1826
1.8685,5.1826
1.8685,5.1826
1.8685,5.1826
1.8685,5.1826
1.8685,5.1826
1.8685,5.1826
1.8685,5.1826
1.8685,5.1826
1.8685,5.1826
1.8685,5.1826
1.8685,5.1826
1.8685,5.1826
1.8685,5.1826
1.8685,5.1826
1.8685,5.1826
1.8685,5.1826
1.8685,5.1826
1.8685,5.1826
1.8685,5.1826
1.8685,5.1826
1.8685,5.1826
1.8685,5.1826
1.8685,5.1826
1.8685,5.1826
1.8685,5.1826
1.8685,5.1826
1.8685,5.1826
1.8685,5.1826
1.8685,5.1826
1.8685,5.1826
1.8685,5.1826
1.8685,5.1826
1.8685,5.1826
1.8685,5.1826
1.8685,5.1826
1.8685,5.1826
1.8685,5.1826
1.8685,5.1826
1.8685,5.1826
1.8685,5.1826
1.8685,5.1826
1.8685,5.1826
1.8685,5.1826
1.8685,5.1826
1.8685,5.1826
1.8685,5.1826
1.8685,5.1826
1.8685,5.1826
1.8685,5.1826
1.8685,5.1826
1.8685,5.1826
1.8685,5.1826
1.8685,5.1826
1.8685,5.1826
1.8685,5.1826
1.8685,5.1826
1.8685,5.1826
1.8685,5.1826
1.8685,5.1826
1.8685,5.1826
1.8685,5.1826
1.8685,5.1826
1.8685,5.1826
1.8685,5.1826
1.8685,5.1826
1.8685,5.1826
1.8685,5.1826
1.8685,5.1826
1.8685,5.1826
1.8685,5.1826
1.8685,5.1826
-0.5289,5.1826
-0.5289,2.3373
-0.5289,-0.31422
-0.5289,-2.7088
-0.5289,-2.6785
-0.5289,-1.9338
-0.5289,-1.2646
-0.5289,-0.26575
-0.5289,0.77569
-0.5289,0.062938
-0.5289,-0.6649
-0.5289,-1.5699
0.3206,-1.6287
0.3206,-0.48952
0.3206,2.7628
0.3206,2.752
0.3206,1.766
0.3206,0.85989
0.3206,-0.35994
0.3206,-0.51809
0.3206,0.081311
0.3206,0.86864
0.3206,0.79236
0.3206,0.27003
0.3206,-0.30573
0.3206,0.077556
0.3206,0.47198
0.3206,1
0.3206,0.61529
0.3206,-0.18136
0.3206,-0.25646
0.3206,0.077952
0.3206,0.31604
0.3206,0.14702
0.3206,-0.81715
0.3206,-0.18316
0.3206,1.5448
0.3206,1.6788
0.3206,1.1474
0.3206,0.072433
0.3206,-0.90764
0.3206,-0.090293
0.3206,0.88801
0.3206,0.6511
0.3206,-0.37329
0.3206,-0.8988
0.3206,0.18241
0.3206,1.2583
-1.7457,1.2195
-1.7457,-1.5368
-1.7457,-3.4158
-1.7457,-4.0617
-1.7457,-4.0147
-1.7457,-3.7834
-1.7457,-3.6124
-1.7457,-3.545
-1.7457,-3.5424
-1.7457,-3.5605
-1.7457,-3.5758
-1.7457,-3.5826
0.47576,-3.5834
0.47576,-1.7484
0.47576,0.47803
0.47576,2.7403
0.47576,2.6416
0.47576,1.8807
0.47576,1.1836
0.47576,0.48385
0.47576,-0.33899
0.47576,0.1164
0.47576,1.2879
0.47576,1.5404
0.47576,1.3151
0.47576,0.79044
0.47576,0.13347
0.47576,-0.91465
0.47576,0.046222
0.47576,1.1809
0.47576,1.3211
0.47576,0.9288
0.47576,0.078689
0.47576,-0.44987
0.47576,0.18202
0.47576,0.51738
0.47576,0.18169
0.47576,0.23937
0.47576,0.41329
0.47576,0.20402
0.47576,0.079495
0.47576,0.64949
0.47576,0.38911
0.47576,-0.44168
0.47576,-0.20179
0.47576,1.3006
0.47576,1.592
0.47576,1.3337
-1.2917,0.84622
-1.2917,-1.4367
-1.2917,-2.8393
-1.2917,-3.2229
-1.2917,-3.1096
-1.2917,-2.9037
-1.2917,-2.7721
-1.2917,-2.7284
-1.2917,-2.7317
-1.2917,-2.7478
-1.2917,-2.76
-1.2917,-2.7648
-1.2917,-2.7647
-1.2917,-2.7636
-1.2917,-2.7624
-1.2917,-2.7625
-1.2917,-2.7627
-1.2917,-2.7626
-1.2917,-2.7625
-1.2917,-2.7623
-1.2917,-2.7622
-1.2917,-2.7619
-1.2917,-2.7624
-1.2917,-2.7624
1.9338,-2.7625
1.9338,0.046192
1.9338,5.4899
1.9338,7.0725
1.9338,6.7055
1.9338,5.9371
1.9338,5.4325
1.9338,5.2594
1.9338,5.2722
1.9338,5.3344
1.9338,5.3804
1.9338,5.3984
1.9338,5.3991
1.9338,5.3942
1.9338,5.3901
1.9338,5.3883
1.9338,5.3881
1.9338,5.3885
1.9338,5.3888
1.9338,5.389
1.9338,5.389
1.9338,5.389
1.9338,5.389
1.9338,5.389
-1.3299,5.389
-1.3299,1.4942
-1.3299,-2.4445
-1.3299,-3.8241
-1.3299,-3.7449
-1.3299,-3.2677
-1.3299,-2.9095
-1.3299,-2.7654
-1.3299,-2.7561
-1.3299,-2.7924
-1.3299,-2.8244
-1.3299,-2.8393
1.7408,-2.8419
1.7408,-0.17716
1.7408,5.3807
1.7408,6.7496
1.7408,6.1774
1.7408,5.309
1.7408,4.7859
1.7408,4.628
1.7408,4.6585
1.7408,4.7304
1.7408,4.7787
1.7408,4.7958
1.7408,4.795
1.7408,4.7892
1.7408,4.7848
1.7408,4.783
1.7408,4.7829
1.7408,4.7834
1.7408,4.7838
1.7408,4.7839
1.7408,4.784
1.7408,4.7839
1.7408,4.7839
1.7408,4.7839
1.7408,4.7839
1.7408,4.7839
1.7408,4.7839
1.7408,4.7839
1.7408,4.7839
1.7408,4.7839
1.7408,4.7839
1.7408,4.7839
1.7408,4.7839
1.7408,4.7839
1.7408,4.7839
1.7408,4.7839
-0.019855,4.7839
-0.019855,2.7168
-0.019855,0.71133
-0.019855,-2.1906
-0.019855,-1.9894
-0.019855,-0.90273
-0.019855,0.65441
-0.019855,1.0597
-0.019855,0.22872
-0.019855,-1.9118
-0.019855,-1.5832
-0.019855,-0.53037
-0.019855,1.4816
-0.019855,1.2891
-0.019855,0.24381
-0.019855,-1.444
-0.019855,-1.1711
-0.019855,0.14114
-0.019855,1.0338
-0.019855,0.52462
-0.019855,-0.52037
-0.019855,-1.039
-0.019855,-0.4751
-0.019855,0.63222
-0.019855,0.74507
-0.019855,-0.40114
-0.019855,-0.099213
-0.019855,0.54424
-0.019855,0.39278
-0.019855,0.12176
-0.019855,-0.24572
-0.019855,-0.9191
-0.019855,-0.65469
-0.019855,0.54553
-0.019855,0.77154
-0.019855,-0.46516
0.27402,-1.1923
0.27402,-0.38527
0.27402,2.2592
0.27402,2.2524
0.27402,1.4386
0.27402,0.40947
0.27402,-1.5048
0.27402,-0.91853
0.27402,1.2674
0.27402,1.8045
0.27402,1.3271
0.27402,0.38083
-1.6375,-1.4291
-1.6375,-2.8749
-1.6375,-3.5674
-1.6375,-3.6883
-1.6375,-3.5773
-1.6375,-3.4522
-1.6375,-3.3854
-1.6375,-3.3695
-1.6375,-3.3768
-1.6375,-3.3874
-1.6375,-3.3937
-1.6375,-3.3956
0.86033,-3.3952
0.86033,-1.3055
0.86033,1.7452
0.86033,2.902
0.86033,2.9037
0.86033,2.5578
0.86033,2.2767
0.86033,2.1404
0.86033,2.1131
0.86033,2.1237
0.86033,2.1415
0.86033,2.1542
-1.7806,2.154
-1.7806,-0.71027
-1.7806,-3.8531
-1.7806,-4.6891
-1.7806,-4.415
-1.7806,-3.945
-1.7806,-3.6512
-1.7806,-3.5572
-1.7806,-3.57
-1.7806,-3.6086
-1.7806,-3.6355
-1.7806,-3.6456
1.4698,-3.6455
1.4698,-0.97074
1.4698,3.9519
1.4698,5.4325
1.4698,5.1403
1.4698,4.4623
1.4698,4.0076
1.4698,3.8472
1.4698,3.8553
1.4698,3.9099
1.4698,3.9511
1.4698,3.9678
-1.3746,3.9687
-1.3746,0.70188
-1.3746,-4.9246
-1.3746,-5.6108
-1.3746,-4.4719
-1.3746,-3.3549
-1.3746,-2.8029
-1.3746,-2.6949
-1.3746,-2.7729
-1.3746,-2.8689
-1.3746,-2.9229
-1.3746,-2.9373
-1.3746,-2.9329
-1.3746,-2.925
-1.3746,-2.92
-1.3746,-2.9183
-1.3746,-2.9185
-1.3746,-2.919
-1.3746,-2.9196
-1.3746,-2.9198
-1.3746,-2.9199
-1.3746,-2.9198
-1.3746,-2.9197
-1.3746,-2.9196
0.69222,-2.9194
0.69222,-1.1368
0.69222,1.9248
0.69222,2.7564
0.69222,2.5046
0.69222,2.0494
0.69222,1.7152
0.69222,1.5011
0.69222,1.3571
0.69222,1.0866
0.69222,1.147
0.69222,0.88942
-0.33207,0.78783
-0.33207,-0.76748
-0.33207,-1.1329
-0.33207,-0.81008
-0.33207,-0.049264
-0.33207,0.23218
-0.33207,-1.1084
-0.33207,-1.2647
-0.33207,-0.71122
-0.33207,0.43303
-0.33207,0.24058
-0.33207,-0.33948
-0.33207,-1.0426
-0.33207,-0.87404
-0.33207,0.00080684
-0.33207,0.5966
-0.33207,-0.49619
-0.33207,-0.29362
-0.33207,-0.70778
-0.33207,-0.37068
-0.33207,0.75402
-0.33207,0.078597
-0.33207,-0.67504
-0.33207,-0.83753
0.31123,-0.22711
0.31123,1.5365
0.31123,1.6808
0.31123,1.0448
0.31123,-0.037881
0.31123,-0.40811
0.31123,0.49749
0.31123,0.53268
0.31123,0.18968
0.31123,-0.31606
0.31123,-0.23796
0.31123,0.8498
0.31123,0.8281
0.31123,0.15892
0.31123,-0.0053811
0.31123,-0.18447
0.31123,0.46547
0.31123,0.65769
0.31123,0.29202
0.31123,-0.4802
0.31123,0.017892
0.31123,-0.15466
0.31123,0.25676
0.31123,0.55988
0.31123,0.88557
0.31123,0.70417
0.31123,-0.27072
0.31123,-0.7432
0.31123,0.15044
0.31123,1.4135
0.31123,1.4159
0.31123,0.82926
0.31123,-0.26122
0.31123,-1.2517
0.31123,-0.48001
0.31123,1.688
-0.38223,1.8799
-0.38223,0.59048
-0.38223,-2.142
-0.38223,-2.3229
-0.38223,-1.6431
-0.38223,-0.91332
-0.38223,0.016418
-0.38223,0.9429
-0.38223,0.10589
-0.38223,-1.4337
-0.38223,-1.5756
-0.38223,-1.127
-0.38223,-0.25881
-0.38223,-0.039388
-0.38223,0.1133
-0.38223,-0.46057
-0.38223,-0.70246
-0.38223,-0.37194
-0.38223,0.63398
-0.38223,0.34291
-0.38223,-0.97588
-0.38223,-1.2623
-0.38223,-0.82852
-0.38223,0.10314
-0.38223,0.92729
-0.38223,0.17469
-0.38223,-1.0332
-0.38223,-1.4164
-0.38223,-1.0199
-0.38223,-0.044526
-0.38223,1.3269
-0.38223,0.57063
-0.38223,-1.5476
-0.38223,-1.7906
-0.38223,-1.3532
-0.38223,-0.72345
0.8449,0.14145
0.8449,1.8263
0.8449,2.4566
0.8449,2.4975
0.8449,2.3389
0.8449,2.1895
0.8449,2.1025
0.8449,2.0752
0.8449,2.0746
0.8449,2.0793
0.8449,2.0804
0.8449,2.0777
0.8449,2.0821
0.8449,2.0801
0.8449,2.0851
0.8449,2.0935
0.8449,2.1052
0.8449,2.1058
0.8449,2.0979
0.8449,2.096
0.8449,2.0976
0.8449,2.1026
0.8449,2.1032
0.8449,2.1091
0.8449,2.1106
0.8449,2.1208
0.8449,2.1141
0.8449,2.1109
0.8449,2.1037
0.8449,2.1003
0.8449,2.1089
0.8449,2.1024
0.8449,2.094
0.8449,2.0913
0.8449,2.0844
0.8449,2.0842
-1.712,2.0861
-1.712,-0.69503
-1.712,-4.3535
-1.712,-5.0355
-1.712,-4.4837
-1.712,-3.8375
-1.712,-3.4862
-1.712,-3.3989
-1.712,-3.4345
-1.712,-3.4892
-1.712,-3.5222
-1.712,-3.5323
0.9805,-3.5304
0.9805,-1.2944
0.9805,2.0817
0.9805,3.3249
0.9805,3.3081
0.9805,2.9216
0.9805,2.6169
0.9805,2.485
0.9805,2.4678
0.9805,2.4958
0.9805,2.5227
0.9805,2.5367
0.9805,2.5402
0.9805,2.5372
0.9805,2.5345
0.9805,2.5335
0.9805,2.534
0.9805,2.5343
0.9805,2.5333
0.9805,2.5343
0.9805,2.5352
0.9805,2.5355
0.9805,2.5341
0.9805,2.5333
-1.6319,2.5317
-1.6319,-0.33757
-1.6319,-4.8718
-1.6319,-5.4881
-1.6319,-4.6209
-1.6319,-3.7422
-1.6319,-3.2994
-1.6319,-3.2087
-1.6319,-3.2689
-1.6319,-3.3444
-1.6319,-3.3867
-1.6319,-3.3979
0.92154,-3.3942
0.92154,-1.2512
0.92154,2.0427
0.92154,3.1981
0.92154,3.1363
0.92154,2.7401
0.92154,2.4398
0.92154,2.3105
0.92154,2.2911
0.92154,2.309
0.92154,2.3364
0.92154,2.3517
-0.91471,2.3578
-0.91471,0.35238
-0.91471,-3.9008
-0.91471,-4.2403
-0.91471,-3.236
-0.91471,-2.3305
-0.91471,-1.892
-0.91471,-1.7817
-0.91471,-1.744
-0.91471,-1.7522
-0.91471,-1.8451
-0.91471,-1.8742
0.90138,-1.8864
0.90138,-0.22284
0.90138,3.693
0.90138,4.1841
0.90138,3.4023
0.90138,2.6295
0.90138,2.2415
0.90138,2.1459
0.90138,2.1811
0.90138,2.2328
0.90138,2.276
0.90138,2.2932
-0.82444,2.3013
-0.82444,0.41928
-0.82444,-3.0296
-0.82444,-3.4706
-0.82444,-2.789
-0.82444,-2.1095
-0.82444,-1.7407
-0.82444,-1.522
-0.82444,-1.4225
-0.82444,-1.3665
-0.82444,-1.246
-0.82444,-1.0559
1.8032,-0.85205
1.8032,1.9486
1.8032,4.3053
1.8032,5.3487
1.8032,5.4764
1.8032,5.2655
1.8032,5.0585
1.8032,4.9562
1.8032,4.9364
1.8032,4.9513
1.8032,4.9691
1.8032,4.9789
1.8032,4.9814
1.8032,4.9805
1.8032,4.979
1.8032,4.9781
1.8032,4.9778
1.8032,4.9778
1.8032,4.978
1.8032,4.978
1.8032,4.9781
1.8032,4.9781
1.8032,4.9781
1.8032,4.978
1.8032,4.978
1.8032,4.978
1.8032,4.978
1.8032,4.978
1.8032,4.978
1.8032,4.978
1.8032,4.978
1.8032,4.978
1.8032,4.978
1.8032,4.978
1.8032,4.978
1.8032,4.978
-0.011168,4.978
-0.011168,2.8365
-0.011168,0.76055
-0.011168,-1.7368
-0.011168,-1.6662
-0.011168,-0.65703
-0.011168,1.36
-0.011168,1.2117
-0.011168,0.30719
-0.011168,-1.7119
-0.011168,-1.4432
-0.011168,-0.28317
-0.011168,2.0345
-0.011168,1.6806
-0.011168,0.55507
-0.011168,-1.3766
-0.011168,-1.24
-0.011168,-0.22588
-0.011168,1.9645
-0.011168,1.6009
-0.011168,0.45841
-0.011168,-1.6778
-0.011168,-1.4988
-0.011168,-0.45811
0.59481,1.8547
0.59481,2.2021
0.59481,1.9326
0.59481,1.5625
0.59481,1.1716
0.59481,0.64654
0.59481,-0.91826
0.59481,-0.24954
0.59481,1.7635
0.59481,2.1781
0.59481,1.9357
0.59481,1.5707
-0.098325,1.2176
-0.098325,0.19137
-0.098325,-1.2733
-0.098325,-1.2136
-0.098325,-0.14099
-0.098325,0.65149
-0.098325,0.60524
-0.098325,-0.20555
-0.098325,-1.0815
-0.098325,-0.75974
-0.098325,0.35305
-0.098325,1.4202
-0.098325,0.77117
-0.098325,-1.0798
-0.098325,-1.3456
-0.098325,-0.63305
-0.098325,0.57294
-0.098325,0.76105
-0.098325,0.16285
-0.098325,-1.808
-0.098325,-1.5537
-0.098325,-0.60359
-0.098325,1.1931
-0.098325,0.99831
1.3864,-0.046043
1.3864,0.097879
1.3864,1.8793
1.3864,3.3112
1.3864,3.9409
1.3864,4.0152
1.3864,3.8857
1.3864,3.7598
1.3864,3.698
1.3864,3.6863
1.3864,3.6954
1.3864,3.7063
1.3864,3.7122
1.3864,3.7137
1.3864,3.7131
1.3864,3.7122
1.3864,3.7117
1.3864,3.7115
1.3864,3.7115
1.3864,3.7116
1.3864,3.7116
1.3864,3.7117
1.3864,3.7117
1.3864,3.7117
-1.3002,3.7117
-1.3002,0.65262
-1.3002,-4.7566
-1.3002,-5.3923
-1.3002,-4.278
-1.3002,-3.1959
-1.3002,-2.6644
-1.3002,-2.5602
-1.3002,-2.6354
-1.3002,-2.7278
-1.3002,-2.7807
-1.3002,-2.7961
-1.3002,-2.7921
-1.3002,-2.7843
-1.3002,-2.7793
-1.3002,-2.778
-1.3002,-2.7778
-1.3002,-2.7785
-1.3002,-2.7789
-1.3002,-2.7789
-1.3002,-2.779
-1.3002,-2.7789
-1.3002,-2.7788
-1.3002,-2.779
-1.3002,-2.7792
-1.3002,-2.7793
-1.3002,-2.7794
-1.3002,-2.7795
-1.3002,-2.7791
-1.3002,-2.7787
-1.3002,-2.7789
-1.3002,-2.779
-1.3002,-2.7793
-1.3002,-2.7793
-1.3002,-2.7792
-1.3002,-2.7793
-1.3002,-2.7792
-1.3002,-2.7792
-1.3002,-2.7792
-1.3002,-2.779
-1.3002,-2.7787
-1.3002,-2.779
-1.3002,-2.7792
-1.3002,-2.7791
-1.3002,-2.7789
-1.3002,-2.7792
-1.3002,-2.779
-1.3002,-2.7788
-1.3002,-2.7784
-1.3002,-2.7787
-1.3002,-2.7788
-1.3002,-2.7792
-1.3002,-2.7793
-1.3002,-2.7794
-1.3002,-2.7793
-1.3002,-2.7792
-1.3002,-2.7788
-1.3002,-2.7786
-1.3002,-2.7789
-1.3002,-2.7789
1.966,-2.7783
1.966,0.062856
1.966,5.7608
1.966,7.3355
1.966,6.8858
1.966,6.0537
1.966,5.5229
1.966,5.3479
1.966,5.3671
1.966,5.435
1.966,5.4835
1.966,5.502
1.966,5.5022
1.966,5.4969
1.966,5.4925
1.966,5.4906
1.966,5.4904
1.966,5.4908
1.966,5.4912
1.966,5.4914
1.966,5.4914
1.966,5.4914
1.966,5.4914
1.966,5.4914
-1.1053,5.4913
-1.1053,1.8162
-1.1053,-1.6234
-1.1053,-3.1313
-1.1053,-3.2221
-1.1053,-2.8424
-1.1053,-2.5101
-1.1053,-2.3512
-1.1053,-2.3196
-1.1053,-2.3422
-1.1053,-2.3657
-1.1053,-2.3817
-1.1053,-2.3892
-1.1053,-2.3936
-1.1053,-2.3906
-1.1053,-2.3874
-1.1053,-2.3826
-1.1053,-2.3797
-1.1053,-2.3803
-1.1053,-2.385
-1.1053,-2.3892
-1.1053,-2.3887
-1.1053,-2.3869
-1.1053,-2.3856
-1.1053,-2.3849
-1.1053,-2.387
-1.1053,-2.3863
-1.1053,-2.3843
-1.1053,-2.3829
-1.1053,-2.3836
-1.1053,-2.3835
-1.1053,-2.3844
-1.1053,-2.3858
-1.1053,-2.3843
-1.1053,-2.3851
-1.1053,-2.3888
-1.1053,-2.3896
-1.1053,-2.3878
-1.1053,-2.3899
-1.1053,-2.3893
-1.1053,-2.3876
-1.1053,-2.3849
-1.1053,-2.3828
-1.1053,-2.3847
-1.1053,-2.3868
-1.1053,-2.3838
-1.1053,-2.3856
-1.1053,-2.3856
0.80015,-2.3867
0.80015,-0.69272
0.80015,3.8715
0.80015,4.3292
0.80015,3.3261
0.80015,2.3862
0.80015,1.921
0.80015,1.7632
0.80015,1.7198
0.80015,1.7368
0.80015,1.7484
0.80015,1.7384
0.80015,1.7279
0.80015,1.7479
0.80015,1.7212
0.80015,1.7399
0.80015,1.7786
0.80015,1.8161
0.80015,1.8347
0.80015,1.8631
0.80015,1.8942
0.80015,1.9074
0.80015,1.9285
0.80015,1.9402
0.80015,1.9318
0.80015,1.9198
0.80015,1.923
0.80015,1.9199
0.80015,1.9088
0.80015,1.8991
0.80015,1.9021
0.80015,1.9144
0.80015,1.8955
0.80015,1.9028
0.80015,1.925
0.80015,1.9383
-0.39758,1.9541
-0.39758,0.63601
-0.39758,-2.4964
-0.39758,-2.648
-0.39758,-1.8277
-0.39758,-0.99151
-0.39758,-0.076252
-0.39758,0.73335
-0.39758,-0.0036826
-0.39758,-0.98265
-0.39758,-1.3213
-0.39758,-0.85495
1.2504,0.27606
1.2504,2.1537
1.2504,3.2864
1.2504,3.6397
1.2504,3.5827
1.2504,3.4311
1.2504,3.3268
1.2504,3.2889
1.2504,3.2898
1.2504,3.3019
1.2504,3.3113
1.2504,3.3152
-1.4667,3.3155
-1.4667,0.25774
-1.4667,-5.2706
-1.4667,-5.8387
-1.4667,-4.6348
-1.4667,-3.5011
-1.4667,-2.9554
-1.4667,-2.8581
-1.4667,-2.9435
-1.4667,-3.0416
-1.4667,-3.0948
-1.4667,-3.108
-1.4667,-3.1026
-1.4667,-3.0943
-1.4667,-3.0893
-1.4667,-3.0878
-1.4667,-3.0881
-1.4667,-3.0888
-1.4667,-3.0893
-1.4667,-3.0894
-1.4667,-3.0894
-1.4667,-3.0893
-1.4667,-3.0893
-1.4667,-3.0893
0.75177,-3.0893
0.75177,-1.1962
0.75177,1.6767
0.75177,2.7076
0.75177,2.6198
0.75177,2.2387
0.75177,1.9333
0.75177,1.7574
0.75177,1.6906
0.75177,1.6125
0.75177,1.5586
0.75177,1.4837
-0.019753,1.5163
-0.019753,0.712
-0.019753,-0.8669
-0.019753,-1.3331
-0.019753,-0.69488
-0.019753,0.35237
-0.019753,1.0998
-0.019753,0.61162
-0.019753,-0.64088
-0.019753,-0.88826
-0.019753,0.091393
-0.019753,1.5
-0.019753,1.0357
-0.019753,-0.11818
-0.019753,-0.38008
-0.019753,-0.070984
-0.019753,0.20081
-0.019753,0.12036
-0.019753,-0.42051
-0.019753,-0.73568
-0.019753,0.085395
-0.019753,1.1429
-0.019753,0.99856
-0.019753,-0.3495
-0.019753,-1.5367
-0.019753,-1.1107
-0.019753,0.037658
-0.019753,1.0441
-0.019753,0.8467
-0.019753,-0.35843
-0.019753,-1.8082
-0.019753,-1.3043
-0.019753,-0.023644
-0.019753,1.9608
-0.019753,1.544
-0.019753,0.38507
0.83972,-1.5869
0.83972,-0.46869
0.83972,2.9276
0.83972,3.5606
0.83972,3.0484
0.83972,2.4483
0.83972,2.1146
0.83972,2.0009
0.83972,2.0066
0.83972,2.0436
0.83972,2.0614
0.83972,2.0812
0.83972,2.0776
0.83972,2.0706
0.83972,2.0829
0.83972,2.0831
0.83972,2.0827
0.83972,2.0864
0.83972,2.0873
0.83972,2.0827
0.83972,2.0792
0.83972,2.0748
0.83972,2.0783
0.83972,2.0638
-1.5073,2.067
-1.5073,-0.46687
-1.5073,-3.1037
-1.5073,-3.9243
-1.5073,-3.79
-1.5073,-3.4363
-1.5073,-3.1936
-1.5073,-3.1054
-1.5073,-3.1076
-1.5073,-3.1358
-1.5073,-3.1577
-1.5073,-3.1668
1.5877,-3.1676
1.5877,-0.53689
1.5877,4.7774
1.5877,6.1404
1.5877,5.6365
1.5877,4.8244
1.5877,4.326
1.5877,4.1709
1.5877,4.1963
1.5877,4.2631
1.5877,4.309
1.5877,4.3257
-1.8399,4.3252
-1.8399,0.34797
-1.8399,-6.446
-1.8399,-7.1306
-1.8399,-5.64
-1.8399,-4.2422
-1.8399,-3.5711
-1.8399,-3.4536
-1.8399,-3.5609
-1.8399,-3.682
-1.8399,-3.7467
-1.8399,-3.7621
1.6894,-3.7551
1.6894,-0.86479
1.6894,5.0014
1.6894,6.5733
1.6894,6.071
1.6894,5.1975
1.6894,4.6495
1.6894,4.4731
1.6894,4.4964
1.6894,4.5679
1.6894,4.6182
1.6894,4.6369
1.6894,4.6368
1.6894,4.6311
1.6894,4.6266
1.6894,4.6247
1.6894,4.6245
1.6894,4.625
1.6894,4.6254
1.6894,4.6256
1.6894,4.6256
1.6894,4.6256
1.6894,4.6255
1.6894,4.6255
-0.73551,4.6255
-0.73551,1.7909
-0.73551,-0.98624
-0.73551,-2.418
-0.73551,-2.464
-0.73551,-2.0674
-0.73551,-1.6897
-0.73551,-1.3777
-0.73551,-1.0629
-0.73551,-0.61373
-0.73551,0.31744
-0.73551,-0.78094
1.2416,-1.4157
1.2416,0.37855
1.2416,3.007
1.2416,3.9359
1.2416,3.8907
1.2416,3.5759
1.2416,3.3375
1.2416,3.2413
1.2416,3.2357
1.2416,3.2602
1.2416,3.2814
1.2416,3.291
1.2416,3.2924
1.2416,3.2906
1.2416,3.2887
1.2416,3.2878
1.2416,3.2876
1.2416,3.2877
1.2416,3.2879
1.2416,3.288
1.2416,3.288
1.2416,3.288
1.2416,3.288
1.2416,3.288
1.2416,3.288
1.2416,3.288
1.2416,3.288
1.2416,3.288
1.2416,3.288
1.2416,3.288
1.2416,3.288
1.2416,3.288
1.2416,3.288
1.2416,3.288
1.2416,3.288
1.2416,3.288
1.2416,3.288
1.2416,3.288
1.2416,3.288
1.2416,3.288
1.2416,3.288
1.2416,3.288
1.2416,3.288
1.2416,3.288
1.2416,3.288
1.2416,3.288
1.2416,3.288
1.2416,3.288
1.2416,3.288
1.2416,3.2879
1.2416,3.288
1.2416,3.288
1.2416,3.288
1.2416,3.288
1.2416,3.288
1.2416,3.288
1.2416,3.288
1.2416,3.288
1.2416,3.288
1.2416,3.288
-1.4626,3.288
-1.4626,0.24806
-1.4626,-7.0424
-1.4626,-7.2495
-1.4626,-5.2281
-1.4626,-3.5487
-1.4626,-2.8117
-1.4626,-2.7242
-1.4626,-2.874
-1.4626,-3.0222
-1.4626,-3.0962
-1.4626,-3.1111
0.38779,-3.101
0.38779,-1.5086
0.38779,0.61729
0.38779,2.5014
0.38779,2.2955
0.38779,1.5496
0.38779,0.7314
0.38779,-0.40726
0.38779,-1.0571
0.38779,-0.063753
0.38779,0.11016
0.38779,1.1338
0.38779,1.0221
0.38779,0.37132
0.38779,-0.80243
0.38779,0.015162
0.38779,1.3033
0.38779,1.3585
0.38779,0.74654
0.38779,-0.031726
0.38779,-0.050338
0.38779,0.11897
0.38779,0.4914
0.38779,0.41576
-1.8096,0.64822
-1.8096,-1.859
-1.8096,-3.5031
-1.8096,-4.0888
-1.8096,-4.0642
-1.8096,-3.8688
-1.8096,-3.7198
-1.8096,-3.6593
-1.8096,-3.6556
-1.8096,-3.6707
-1.8096,-3.684
-1.8096,-3.69
-1.8096,-3.6909
-1.8096,-3.6898
-1.8096,-3.6886
-1.8096,-3.688
-1.8096,-3.6879
-1.8096,-3.688
-1.8096,-3.6881
-1.8096,-3.6881
-1.8096,-3.6882
-1.8096,-3.6882
-1.8096,-3.6881
-1.8096,-3.6881
1.1384,-3.6881
1.1384,-1.2736
1.1384,2.4776
1.1384,3.8595
1.1384,3.84
1.1384,3.4098
1.1384,3.0715
1.1384,2.9296
1.1384,2.9172
1.1384,2.9498
1.1384,2.9797
1.1384,2.994
1.1384,2.9964
1.1384,2.9941
1.1384,2.9916
1.1384,2.9903
1.1384,2.9899
1.1384,2.99
1.1384,2.99
1.1384,2.9902
1.1384,2.9903
1.1384,2.9904
1.1384,2.9902
1.1384,2.9902
-1.2636,2.9903
-1.2636,0.3147
-1.2636,-4.5948
-1.2636,-5.1269
-1.2636,-4.0797
-1.2636,-3.0823
-1.2636,-2.5982
-1.2636,-2.5057
-1.2636,-2.575
-1.2636,-2.6599
-1.2636,-2.709
-1.2636,-2.7236
-1.2636,-2.7203
-1.2636,-2.7135
-1.2636,-2.7092
-1.2636,-2.7073
-1.2636,-2.7064
-1.2636,-2.7073
-1.2636,-2.7079
-1.2636,-2.7091
-1.2636,-2.7095
-1.2636,-2.7097
-1.2636,-2.7092
-1.2636,-2.7088
-1.2636,-2.7092
-1.2636,-2.7085
-1.2636,-2.7079
-1.2636,-2.7082
-1.2636,-2.7082
-1.2636,-2.7084
-1.2636,-2.7079
-1.2636,-2.708
-1.2636,-2.7079
-1.2636,-2.7074
-1.2636,-2.7077
-1.2636,-2.7081
0.46883,-2.7087
0.46883,-1.1952
0.46883,0.94145
0.46883,1.9012
0.46883,1.7881
0.46883,1.3311
0.46883,0.73111
0.46883,-0.89857
0.46883,-0.60833
0.46883,1.5387
0.46883,1.9679
0.46883,1.662
-1.0976,1.1737
-1.0976,-1.217
-1.0976,-2.4502
-1.0976,-2.7871
-1.0976,-2.6896
-1.0976,-2.51
-1.0976,-2.3911
-1.0976,-2.3425
-1.0976,-2.3413
-1.0976,-2.3529
-1.0976,-2.3634
-1.0976,-2.3703
1.8632,-2.3724
1.8632,0.26264
1.8632,5.4055
1.8632,6.8286
1.8632,6.4241
1.8632,5.6737
1.8632,5.1946
1.8632,5.0365
1.8632,5.0538
1.8632,5.115
1.8632,5.1588
1.8632,5.1755
1.8632,5.1757
1.8632,5.1708
1.8632,5.1669
1.8632,5.1652
1.8632,5.165
1.8632,5.1654
1.8632,5.1658
1.8632,5.1659
1.8632,5.1659
1.8632,5.1659
1.8632,5.1659
1.8632,5.1659
1.8632,5.1659
1.8632,5.1659
1.8632,5.1659
1.8632,5.1659
1.8632,5.1659
1.8632,5.1659
1.8632,5.1659
1.8632,5.1659
1.8632,5.1659
1.8632,5.1659
1.8632,5.1659
1.8632,5.1659
-2,5.1659
-2,0.58294
-2,-7.0759
-2,-7.8356
-2,-6.1457
-2,-4.5659
-2,-3.809
-2,-3.6774
-2,-3.7992
-2,-3.9362
-2,-4.0092
-2,-4.0265
-2,-4.0184
-2,-4.0068
-2,-3.9999
-2,-3.9979
-2,-3.9983
-2,-3.9993
-2,-3.9999
-2,-4.0002
-2,-4.0001
-2,-4.0001
-2,-4
-2,-4
-2,-4
-2,-4
-2,-4
-2,-4
-2,-4
-2,-4
-2,-4
-2,-4
-2,-4
-2,-4
-2,-4
-2,-4
-2,-4
-2,-4
-2,-4
-2,-4
-2,-4
-2,-4
-2,-4
-2,-4
-2,-4
-2,-4
-2,-4
-2,-4
